"Area","Year","Savanna.fires","Forest.fires","Crop.Residues","Rice.Cultivation","Drained.organic.soils..CO2.","Pesticides.Manufacturing","Food.Transport","Forestland","Net.Forest.conversion","Food.Household.Consumption","Food.Retail","On.farm.Electricity.Use","Food.Packaging","Agrifood.Systems.Waste.Disposal","Food.Processing","Fertilizers.Manufacturing","IPPU","Manure.applied.to.Soils","Manure.left.on.Pasture","Manure.Management","Fires.in.organic.soils","Fires.in.humid.tropical.forests","On.farm.energy.use","Rural.population","Urban.population","Total.Population...Male","Total.Population...Female","total_emission","Average.Temperature..C"
"Argentina",1990,2779.692,1097.1782,1965.4995,914.3008,5128.514,689,2920.1255,-40102.7293,81523.288,3033.8224,1210.3655,152.0622,54.0057,8503.6056,2944.79489300724,1143.0728,6469.8462,952.7475,24131.9669,2173.3488,0,541.3267,6077.2277,4260175,28469564,16063515,16574141,114303.061593007,0.330083333333333
"Argentina",1991,2779.692,1097.1782,2144.2348,676.3176,5128.514,699,3143.7014,-40102.7293,81523.288,2767.6441,1047.9432,177.6963,55.4662,8798.8375,2929.30959277789,1139.2322,6707.1098,923.252,23840.807,2148.9266,0,541.3267,4813.008,4206419,28987499,16298168,16807594,112979.755892778,0.193083333333333
"Argentina",1992,2779.692,1097.1782,2248.5663,1103.088,5128.514,631,3514.5046,-40102.7293,81523.288,2929.3929,982.4031,138.1414,59.0844,9051.4024,2995.28330646411,1117.8353,5164.6598,914.2624,24040.6559,2184.3961,0,541.3267,6846.9016,4192854,29462297,16529209,17039077,114888.847106464,-0.214083333333333
"Argentina",1993,2779.692,1097.1782,2235.483,1094.856,5128.514,571,3733.81,-40102.7293,81523.288,2981.1807,968.5174,126.2214,44.9673,9272.7537,2979.67689116166,1093.1596,5427.0163,958.3982,23395.0744,2177.431,0,541.3267,7553.7725,4177901,29933016,16757748,17269492,115580.587991162,0.125416666666667
"Argentina",1994,2779.692,1097.1782,2233.5385,1108.1056,5128.514,693,3935.7432,-40102.7293,81523.288,3031.3517,875.2937,137.9826,46.6455,9486.8681,2979.67689116166,1108.5552,5737.8275,1025.7309,23504.47,2241.3239,0,541.3267,8927.2478,4160961,30397154,16989567,17499129,118040.630691162,0.626416666666667
"Argentina",1995,2779.692,1097.1782,2404.9082,1443.4616,5138.3121,872,4168.8696,-40102.7293,81523.288,3128.9388,866.0811,144.7782,279.8729,9776.6702,2128.3117,1102.449,5370.5349,1019.3587,23138.201,2200.7462,0,541.3267,9032.7462,4141986,30852828,17220607,17725502,118054.996,0.266
"Argentina",1996,2948.3949,3155.8558,2294.1037,1514.8056,5131.5638,1372,4151.9169,-40102.7293,81523.288,3403.7983,875.3432,165.1355,729.6647,9950.837,2232.0852,1113.8404,5146.4984,1006.114,22336.8365,2142.8165,0,1246.7901,9756.4132,4120819,31298863,17443158,17946204,122095.3724,0.353666666666667
"Argentina",1997,3146.2567,3815.5738,2968.8867,1759.3587,5132.996,1946,3906.6165,-40102.7293,81523.288,3127.7825,863.5032,168.8467,823.5829,10167.4428,2239.6098,1131.1609,5905.5376,1035.7045,21942.7497,2130.3287,0,1912.8865,9628.7804,4097995,31735974,17655867,18160104,125174.1633,0.732
"Argentina",1998,3583.8736,3531.9527,3430.9268,1659.7672,5137.3899,1621,3847.3151,-40102.7293,81523.288,3411.8068,437.9147,201.5263,280.3479,10339.7817,357.3784,1141.9991,6349.3009,1091.0003,21160.3947,2116.4973,0,1766.6642,9179.3803,4073751,32167839,17863135,18370060,122066.7766,0.390916666666667
"Argentina",1999,3735.5577,5013.9319,3164.8016,2267.328,5149.1209,2332,4098.591,-40102.7293,81523.288,3723.6374,568.2736,197.6783,343.4869,10481.6736,714.757,1161.3689,6004.2524,950.1525,21652.4744,1982.1557,0,2763.0254,9161.629,4048858,32599210,18072503,18580528,126886.4549,0.143166666666667
"Argentina",2000,6818.4625,2341.6242,3509.9086,1482.152,5154.3491,2565,4012.1942,-40102.7293,81523.288,3819.9647,648.8029,155.3668,435.3228,10575.7842,1072.1353,1158.2679,6137.9048,943.926,21507.648,1974.6752,0,1029.1878,8899.1807,4023693,33033759,18280746,18790028,125662.4164,-0.206916666666667
"Argentina",2001,5555.9338,368.9446,3867.5141,1190.6608,5172.8819,2932,3587.366,-35904.11,127768.6667,3615.3426,749.6438,138.5508,509.3419,10694.0499,1429.514,1164.4787,6641.9644,947.7568,21574.4318,1977.1268,0,218.3179,8326.9327,3998739,33472770,18484124,18996369,172527.31,0.480583333333333
"Argentina",2002,3422.744,370.1122,3982.6313,972.2384,5205.6978,3435,3502.2053,-35904.11,127768.6667,3154.6343,875.1461,137.703,581.0929,10711.6499,1786.8923,1175.8228,6187.4824,854.0582,22827.5421,2030.0378,0,146.0976,8395.3459,3974741,33914629,18683681,19201347,171618.691,0.23375
"Argentina",2003,4508.8015,538.394,4074.9288,1041.8576,5214.1013,3969,3379.4757,-35904.11,127768.6667,3457.4715,1029.1295,177.3485,667.1535,10834.7946,2144.2709,1193.4145,7544.0428,834.622,24535.8166,2143.115,0,288.9798,9693.4867,3951197,34358182,18879701,19398462,179134.7615,0.563916666666667
"Argentina",2004,2850.2854,690.3494,4144.1416,1326.3555,5210.0713,4707,3709.2319,-35904.11,127768.6667,3639.3619,1874.2408,258.689,753.0594,10922.4461,2501.6493,1156.2665,8126.5195,838.8682,25021.4704,2177.2094,0,297.7794,11889.3405,3927028,34801668,19077001,19591796,183958.8922,0.583583333333333
"Argentina",2005,2117.7708,583.9524,4771.5106,1246.0739,5197.0239,4951,3989.6423,-35904.11,127768.6667,3858.8895,2263.3918,273.1535,826.8071,11048.6325,2859.0277,1059.0666,8369.6238,886.4219,25105.4042,2219.8865,0,251.7815,15883.5885,3902354,35243134,19279145,19791355,189627.2057,0.228416666666667
"Argentina",2006,2191.8526,515.5174,4475.2982,1325.156,5198.8975,5356,4421.3458,-35904.11,127768.6667,4842.189,2456.4105,318.2788,1003.7475,11112.0002,3684.0216,1246.094,8968.172,968.9719,25608.413,2305.7266,0,160.4116,11520.169,3876846,35682044,19484104,19992747,189543.2299,0.669083333333333
"Argentina",2007,2170.6834,505.2612,5277.9343,1290.7384,5198.0361,6090,4464.8701,-35904.11,127768.6667,4296.3585,2962.4843,276.0819,1107.5506,11290.8846,4495.9708,872.0992,9334.4692,950.2264,25830.0517,2320.7661,0,247.2355,10121.1439,3850764,36119460,19685381,20190731,190967.4029,-0.19575
"Argentina",2008,2767.1404,574.2262,5430.2776,1430.4864,5212.2518,6737,4743.0185,-35904.11,127768.6667,4830.5203,3389.5471,259.7252,1212.375,11424.494,5018.3792,768.5925,9045.4801,937.3302,25367.393,2286.338,0,156.1026,14333.5399,3824321,36558068,19886051,20387718,197788.7747,0.660083333333333
"Argentina",2009,1945.3645,739.3539,3819.4946,1519.392,5210.3648,4471,4273.1279,-35904.11,127768.6667,4976.8122,3350.8058,273.6547,1233.5038,11492.8967,5601.1229,997.4801,9167.5146,919.7246,24074.5556,2192.7777,0,299.6116,13781.8593,3798178,37001229,20095357,20588982,192204.974,0.74875
"Argentina",2010,1544.5021,446.5663,5430.1978,1690.8528,5214.6131,7619,4805.9982,-35904.11,127768.6667,4629.3398,3620.8056,298.1444,1360.4304,11503.0666,6103.366,813.5615,9644.4861,989.3124,21820.2543,2124.9019,0,242.7205,11488.8339,3772300,37451589,20308489,20791633,193255.5104,0.195083333333333
"Argentina",2011,2008.786,284.398,5973.8591,2018.3688,5223.3922,7375,5574.9536,-34737.0613,97341.75,4589.4754,3764.4659,343.0348,1503.1008,11544.0315,7077.9,1016.1623,10467.2234,1023.3128,21425.5822,2126.1319,0,99.1949,9665.4603,3753490,37903389,20523871,20996869,165708.5226,0.39875
"Argentina",2012,1848.0935,361.4872,5370.9338,1845.3165,5222.7532,7273,5568.4223,-34737.0613,97341.75,4911.5984,4264.9583,393.3594,1591.8083,11642.9983,7299.5119,1016.561,10264.6277,1074.764,22203.9114,2228.0341,0,176.1297,9935.1035,3737979,38358760,20742596,21209768,167098.0612,0.77925
"Argentina",2013,1687.8847,1142.18,5839.4947,1824.368,5219.5236,6953,5938.1716,-34737.0613,97341.75,5694.0688,5184.1556,371.2603,1711.5526,11687.7257,7667.0416,1158.8046,11170.0591,1113.5375,22647.1668,2302.1228,0,894.9957,13723.7698,3722489,38817436,20962097,21426172,176535.5722,0.591416666666667
"Argentina",2014,1359.8747,103.8884,6015.4175,1906.688,5213.9434,6960,5755.9057,-34737.0613,97341.75,5896.9992,6442.4575,378.4557,1906.8988,11555.099,8501.1852,925.3687,11563.3474,1107.2349,22941.8352,2365.9296,0,52.169,12603.86,3706372,39275143,21182969,21641085,176161.2466,0.76925
"Argentina",2015,1484.6647,255.0722,6707.8321,1823.5056,5213.624,6795,6139.8413,-34737.0613,97341.75,5964.2851,7352.0244,348.6558,2147.1134,11486.4965,9154.5651,810.1777,12033.1542,1442.3609,22417.2919,2373.4567,0,56.6177,13220.7004,3689407,39728358,21402321,21854745,179831.1284,1.0055
"Argentina",2016,2302.9706,211.7278,6766.7044,1628.6816,5222.7425,6677,6162.6682,-27952.2907,54702.45,6209.0619,7709.8841,336.4452,2103.2588,11519.2018,9198.8031,1037.9716,11894.0979,1107.2384,23130.1873,2385.7929,0,100.7158,12876.2278,3671449,40175981,21609840,22058401,145331.541,0.523333333333333
"Argentina",2017,3544.5135,822.8892,7228.7766,1600.144,5224.2033,6416,6482.6896,-27952.2907,54702.45,5949.7461,8206.5252,329.7277,2176.8102,11586.9495,9106.2709,1192.2211,12611.1318,1111.669,24023.6816,2455.3256,0,712.4435,13203.6741,3652804,40618237,21805549,22249068,150735.5518,1.111
"Argentina",2018,2234.0535,171.1052,6230.0679,1553.6528,5230.2714,5467,6086.8183,-27952.2907,54702.45,5727.3131,8289.8038,294.953,2136.7286,11638.3062,8977.8464,836.297,13135.835,1086.4565,23982.5057,2453.7455,0,98.6421,12900.7947,3632997,41055867,21986961,22426635,145282.356,0.8185
"Argentina",2019,1435.4655,157.116,7566.1906,1436.9544,5231.4007,6227,6021.2272,-27952.2907,54702.45,5428.0881,7747.1341,256.0328,2062.8853,11656.0671,8484.2759,952.8051,12578.6669,1092.1867,24119.9185,2462.3401,0,81.8102,13008.051,3612215,41489566,22153370,22592150,144755.7755,0.775083333333333
"Argentina",2020,3569.1449,1362.1267,7405.2933,1452.752,5215.7866,7467,5468.9167,-27952.2907,54702.45,5230.9596,8035.158,190.6029,2140.0216,11666.4608,8932.6734,940.8151,12201.3954,1117.4751,23897.7836,2473.7841,0,603.3137,11909.0686,3590542,41919857,22297001,22739031,148030.6914,1.11883333333333
"Brazil",1990,11123.1473,12184.1197,3854.2338,7178.5555,339.8606,900,9004.3406,-346950.8412,1385208.6765,11511.4232,5115.7826,383.2963,2449.3807,69692.0523,3514.2136,2075.5172,36277.7759,7873.0943,62149.7548,9149.7466,0,11926.1041,11425.0649,38948117,110404028,74926452,75779994,1316385.2993,0.497166666666667
"Brazil",1991,11123.1473,12184.1197,3767.3415,7496.6904,339.8606,1044,9562.2741,-346950.8412,1385208.6765,11913.975,5613.9798,439.8735,2769.7788,69580.5395,3693.6374,2209.3966,38171.683,8200.2494,64210.4679,9442.9159,0,11926.1041,11922.8929,38465232,113511345,76207261,77129183,1323870.7627,0.492833333333333
"Brazil",1992,11123.1473,12184.1197,4277.2691,8525.1306,339.8606,1189,9852.0137,-346950.8412,1385208.6765,12476.3789,5874.0854,476.4035,3060.0593,69194.2154,4044.0811,2306.108,36583.0744,8384.2624,65050.0269,9584.4795,0,11926.1041,12253.383,37954781,116609497,77454942,78445848,1326961.0382,0.343083333333333
"Brazil",1993,11123.1473,12184.1197,4319.3387,8023.6526,362.9781,1363,10227.0296,-346950.8412,1385208.6765,12966.1656,3563.3977,460.2892,3262.1846,68859.3354,4082.5028,2390.359,37214.6358,8290.1581,65249.7741,9567.984,0,11926.1041,13543.1893,37427914,119704768,78689973,79750902,1327237.181,0.5295
"Brazil",1994,11123.1473,12184.1197,4705.21,8029.9969,362.9781,1477,10868.3848,-346950.8412,1385208.6765,12896.6155,3888.5973,443.8326,3257.8904,68843.1756,4081.6197,2561.0842,37450.2219,8430.2774,66639.5444,9795.033,0,11926.1041,14289.0331,36887055,122818068,79924696,81055777,1331511.7013,0.64025
"Brazil",1995,11123.1473,12184.1197,4841.9256,7954.9408,365.9631,1351,11847.4933,-346950.8412,1385208.6765,14293.0117,1860.6098,523.7804,3711.3175,69278.5856,4548.7259,2683.2823,38946.2178,8652.8022,67876.2813,10026.2817,0,11926.1041,15301.5677,36338396,125958216,81155182,82360145,1337554.9931,0.7725
"Brazil",1996,7375.2468,12794.1367,4234.4134,5921.322,368.5227,1622,13144.7108,-346950.8412,1385208.6765,14564.5842,2066.313,580.2848,4219.6236,72242.9682,5137.4477,2848.7219,40363.4959,7188.0336,66190.8123,9061.0455,0,12567.3156,15984.7686,35782624,129130682,82377561,83659561,1336733.6026,0.521166666666667
"Brazil",1997,7667.2276,15630.0389,4535.2056,5562.366,371.3795,1903,14126.0189,-346950.8412,1385208.6765,14912.3641,2506.7317,694.3782,4418.8194,74150.808,4872.9221,3032.8758,42357.5238,7448.2149,67438.7106,9254.1386,0,15306.3925,16611.1364,35104713,132440451,83593268,84953439,1351058.0879,0.701916666666667
"Brazil",1998,14213.0843,27663.5023,4601.9341,5569.7652,380.3541,2009,14937.0453,-346950.8412,1385208.6765,15146.3643,2764.5073,746.0756,4320.2782,73010.7342,5205.0119,3203.1306,43410.4415,7539.7459,68134.6567,9354.0933,0,27104.9643,16030.45,34406065,135764575,84799768,86240036,1383602.9744,1.19508333333333
"Brazil",1999,10398.5284,21152.9281,4988.7958,6935.8733,397.1654,2201,14906.0771,-346950.8412,1385208.6765,16126.4089,3547.2743,1074.5047,4145.1133,73012.0839,5710.639,3401.0501,42136.4167,7692.9277,68846.4085,9529.2515,0,20725.6267,16779.5059,33695145,139064098,85981420,87504861,1371965.4146,0.503583333333333
"Brazil",2000,4185.9822,3121.0536,5051.363,6665.8387,394.3458,2571,15084.9179,-346950.8412,1385208.6765,16405.5655,4323.6755,1164.758,4308.4935,72958.3282,5812.9487,3535.1763,47864.6733,7929.3608,71067.9526,9814.0424,0,3042.0581,16367.5123,32968080,142319507,87124330,88749390,1339926.8817,0.49625
"Brazil",2001,9878.1181,5590.7634,5657.6035,5716.4234,395.2482,2729,15518.1859,-504292.9573,1605106.096,16550.0959,4614.2644,1342.3835,4282.5486,73505.6389,5994.299,3698.1072,43833.9016,8159.8146,73719.9009,10159.39,0,5491.5312,18004.4855,32789772,144960898,88233218,89978663,1415654.8425,0.758833333333333
"Brazil",2002,14788.0958,14152.1221,5779.1403,5715.0137,397.3661,2490,16143.4621,-504292.9573,1605106.096,15572.4626,4931.4972,1142.3089,4335.7783,67913.8414,5844.2682,5813.3463,42096.9257,8300.2046,77156.3181,10361.9905,0,13903.5249,17587.9953,32643261,147507760,89303580,91173105,1435238.8008,1.09408333333333
"Brazil",2003,9657.3862,12684.7005,7100.7616,5785.6008,399.2842,3021,16186.6747,-504292.9573,1605106.096,14728.7328,4998.0847,1158.3556,4678.0946,68458.8724,5530.2244,6078.5101,42429.3117,8464.6661,81339.331,10746.7914,0,12528.502,17705.7553,32477004,150005145,90318606,92310671,1434493.7788,0.935166666666667
"Brazil",2004,12460.0937,14437.5351,7086.2002,6790.1482,467.9481,3408,17101.2147,-504292.9573,1605106.096,15278.7843,5750.1194,1310.765,4637.6449,68537.0503,5614.4717,6307.1664,45065.1152,8745.4703,84925.7447,11126.8546,0,14348.8886,17459.8283,32290174,152448284,91303580,93418462,1451672.1824,0.74175
"Brazil",2005,13860.334,18253.5232,6870.1741,7122.4703,467.9481,3908,17226.6165,-504292.9573,1605106.096,15150.6795,5977.2374,1356.7576,4551.703,69849.2915,5552.502,6415.5978,46825.0947,9026.6316,86066.2829,11373.8379,0,17973.3827,17332.4963,32085721,154831640,92281701,94515633,1465973.6998,1.0425
"Brazil",2006,7120.6804,8342.4547,6885.0932,5403.7433,467.9481,4082,17056.6942,-504292.9573,1605106.096,15162.7298,6860.7317,1365.8994,4423.4067,71610.4551,5224.9207,6826.9088,48993.8657,9210.2201,85570.8939,11473.6099,0,8262.1203,17564.7153,31861129,157151283,93237364,95583318,1442722.23,0.822583333333333
"Brazil",2007,23503.3214,21640.6184,7460.8157,5258.2475,467.9481,5571,17989.4728,-504292.9573,1605106.096,15460.813,7463.3252,1301.1759,2000.4339,72446.4746,657.4077,6304.6907,52255.0458,9472.1404,83183.9312,11495.4647,0,20554.076,18647.2214,31618718,159407919,94163019,96616434,1483946.7631,0.952
"Brazil",2008,9516.9412,6714.0314,8059.0313,5185.0412,467.9481,5829,18907.8707,-504292.9573,1605106.096,16468.0388,8539.6727,1699.8892,1963.1141,83189.4898,1400.9836,6196.0828,53464.1777,9755.8572,84281.4946,11744.1466,0,6262.1054,20766.543,31361744,161617285,95059746,97612571,1461224.5981,0.713833333333333
"Brazil",2009,5274.5376,2846.0107,7621.22,5223.8888,467.9481,5963,18667.0427,-504292.9573,1605106.096,15814.8128,8147.591,1161.843,2207.9481,83670.235,1881.8451,5956.5156,51040.7067,10086.2874,85383.7677,11998.761,0,2741.1776,20154.0676,31097565,163798431,95935867,98581682,1447122.3452,0.984083333333333
"Brazil",2010,23384.4771,21664.3645,8328.1452,4951.8262,467.9481,6141,21178.4677,-504292.9573,1605106.096,17220.799,10037.117,1576.7195,2778.9527,86444.0196,2767.5307,6205.7241,57040.6786,10294.7118,87113.2972,12240.3038,0,20996.2678,21076.1165,30827251,165969018,96806825,99546667,1522721.6058,1.114
"Brazil",2011,8826.2092,4732.9376,8759.8686,5007.1784,467.9481,5856,23410.6765,-519221.8123,780902.6977,16761.5256,9308.342,1497.9135,3080.6078,90686.726,3199.9749,7002.0596,55845.9148,10434.5057,88494.2199,12409.6336,0,4400.0349,20494.2471,30536433,168150255,97676016,100509285,642357.4092,0.8035
"Brazil",2012,16260.8438,9621.7165,8786.5702,4389.4813,467.9481,6536,25266.0937,-519221.8123,780902.6977,18197.0565,10859.9855,2357.0571,3523.7562,89434.7442,4344.242,6585.1483,58368.1675,10286.1229,87738.0395,12270.9399,0,9398.5175,21322.9595,30238865,170322118,98526889,101450818,667696.2756,1.08766666666667
"Brazil",2013,6156.2971,2800.8144,10147.0459,4280.1011,467.9481,7181,26576.5547,-519221.8123,780902.6977,20200.156,12577.5346,3294.3732,3837.8398,85587.8669,5770.0452,6269.064,59662.0761,10161.6722,87994.9695,12086.8517,0,2774.7944,21347.5885,29937266,172471366,99355387,102366379,650855.4788,0.879666666666667
"Brazil",2014,10302.3972,6250.0956,10587.7996,4257.7762,467.9481,7530,27613.212,-519221.8123,780902.6977,21545.4956,14221.0391,4346.0095,4602.6746,84189.0017,7131.1097,5737.2146,57656.6045,10374.1947,88406.6209,12310.9125,0,6137.9531,22370.6209,29627255,174585878,100185186,103274465,667719.5655,1.15358333333333
"Brazil",2015,12803.863,12250.8116,11289.1513,3889.4875,467.9481,7868,26031.9843,-519221.8123,780902.6977,21635.8037,14789.7252,4278.3786,5352.3808,82930.5746,7931.4546,6094.1428,55407.4357,10152.339,90009.2816,12570.1344,0,12062.156,22856.2262,29308408,176653700,101008689,104179515,682352.1644,1.58416666666667
"Brazil",2016,9797.4675,10213.8641,10439.2075,3535.7899,470.3686,7556,26243.9482,-269412.8448,653402.772,20387.2392,14573.6228,3451.1852,5481.2612,81669.1188,7798.5217,6110.7588,53456.8763,9894.9904,91482.3032,12680.0602,0,10095.5556,18970.514,28983278,178669587,101794390,105065188,788298.5804,1.40666666666667
"Brazil",2017,12752.7753,15605.0183,12610.5484,3649.0407,485.4838,7534,26602.746,-269412.8448,653402.772,20648.1662,14899.897,3454.08,5695.6392,80929.9938,7734.7673,4892.9079,52538.6113,9490.3109,90699.8923,12739.4487,0,15449.8893,24128.9228,28654406,180633872,102567011,105937948,806532.0664,1.35716666666667
"Brazil",2018,5120.1957,4631.3973,12232.4912,3405.2253,489.632,7347,25227.0638,-269412.8448,653402.772,19986.3073,15082.3412,3160.0262,4918.972,80155.1207,7159.3357,4847.464,52840.9567,9428.3799,90508.8574,12738.7363,0,4543.6569,24138.469,28321495,182546459,103354449,106812144,771951.5558,1.138
"Brazil",2019,12010.6026,13087.7791,12830.4661,3110.3994,478.5922,7352,25659.3236,-269412.8448,653402.772,20175.4166,15827.8101,3251.3411,5209.3384,79222.9191,7173.0026,2907.3791,52779.6277,9362.4462,91165.5264,12711.4965,0,12885.8803,24745.0262,27985169,184407548,104119798,107663080,795936.3005,1.55108333333333
"Brazil",2020,12391.0371,20461.9174,13452.4629,3051.5441,478.5922,7352,24813.7727,-269412.8448,653402.772,21000.3629,16052.5815,3395.6224,5355.5296,78116.2498,7269.0511,2175.6936,54902.0431,9423.6255,92630.7568,12894.4955,0,20333.0662,25387.5329,27645976,186217070,104779288,108417015,814927.8645,1.45925
"Chile",1990,29.9029,186.2412,189.1434,201.8494,995.0727,124,950.9331,-20763.102,3010.0184,1137.5575,156.2376,41.3413,184.9606,2840.5397,359.302819636906,9.6683,1433.1181,322.8999,1755.531,283.3113,0,0,575.3585,2215333,11026799,6636684,6706184,-5976.11428036309,0.1675
"Chile",1991,29.9029,186.2412,181.6918,184.2596,995.0727,110,984.0478,-20763.102,3010.0184,923.1225,139.8167,29.492,202.1709,2994.602,351.839915720361,27.1042,1579.3348,337.1835,1767.5967,285.4787,0,0,975.1093,2234221,11223023,6744934,6817011,-5469.01638427964,0.0396666666666667
"Chile",1992,29.9029,186.2412,181.8512,196.7087,995.0727,91,1061.4948,-20763.102,3010.0184,820.9356,141.2407,24.1808,210.6189,3154.9734,389.143433887357,65.1545,1787.3104,361.1156,1790.4413,297.3333,0,0,929.6168,2246943,11424090,6854273,6928025,-5038.74736611264,-0.0195
"Chile",1993,29.9029,186.2412,162.8103,180.1099,995.0727,94,1169.8575,-20763.102,3010.0184,868.0274,153.8119,9.9008,203.52,3302.5132,389.143433887357,102.3601,1838.0313,393.8536,1828.9689,316.2588,0,0,830.0659,2235639,11647029,6961685,7036702,-4698.63376611264,0.219
"Chile",1994,29.9029,186.2412,159.2817,188.0377,995.0727,101,1293.207,-20763.102,3010.0184,1074.7162,179.5229,29.4804,255.561,3441.3584,393.18286444624,142.9896,1933.3336,479.7566,1934.3129,352.9269,0,0,819.5209,2223173,11868216,7066850,7143824,-3763.67813555376,0.34925
"Chile",1995,29.9029,186.2412,168.2123,210.1488,995.1951,91,1414.4712,-20763.102,3010.0184,1161.608,193.8786,30.176,284.8612,3614.6468,401.092080253678,181.1742,2130.7616,513.7221,1939.743,358.8329,0,0,581.908,2209577,12087036,7168506,7248291,-3265.50761974632,0.02975
"Chile",1996,22.5377,133.1366,157.4623,198.381,995.3167,88,1532.6424,-20763.102,3010.0184,1499.8949,224.8813,49.4638,422.4826,3733.3956,401.092080253678,222.4212,2100.1019,553.4114,1974.2058,384.8404,0,0,1137.129,2194771,12303055,7266190,7349292,-1922.28691974632,0.21225
"Chile",1997,32.2026,263.8217,189.7861,149.2348,994.8565,66,1602.9245,-20763.102,3010.0184,1370.8576,519.4404,66.9514,417.9615,3848.7744,401.092080253678,265.8671,2238.7515,579.5585,2018.3875,400.4295,0,0,1163.6319,2178978,12515857,7361319,7447971,-1162.55401974632,0.722416666666667
"Chile",1998,25.5971,200.1846,186.6449,165.3815,996.0008,91,1692.6997,-20763.102,3010.0184,1514.0883,497.9585,46.2221,418.2041,3969.0783,401.092080253678,308.785,2307.5292,576.4866,2049.0573,380.7657,0,0,695.212,2162092,12725664,7453481,7543261,-1231.09581974632,0.695083333333333
"Chile",1999,38.6271,223.425,137.8837,91.0211,1003.3873,105,1745.6765,-20763.102,3010.0184,1701.1959,600.3521,67.9142,424.9295,4047.5745,401.092080253678,355.0774,2390.5976,590.5352,2083.1946,403.1192,0,0,601.4123,2144288,12932664,7541838,7634572,-741.068319746324,0.227833333333333
"Chile",2000,17.6147,100.361,162.8126,159.5967,1005.9547,80,1789.9733,-20763.102,3010.0184,1520.7495,592.2249,54.2732,440.9437,4687.3342,471.896926971746,395.0746,3398.1849,524.1029,2161.8965,400.0541,0,0,676.9677,2125607,13137147,7627655,7724143,886.932526971748,-0.1785
"Chile",2001,3.4288,29.2381,192.6756,176.8273,1003.4412,43,1671.7588,-36480.1254,0,1462.5542,609.6842,38.4679,400.792,5299.0969,478.726452595581,438.3582,3553.1981,573.1676,2130.5133,459.5974,0,0,552.3119,2106259,13338710,7711571,7812408,-17363.2874474044,0.170416666666667
"Chile",2002,15.1949,116.0536,204.1453,173.2969,1001.1744,40,1741.0774,-36480.1254,0,1433.5672,657.9585,55.3356,456.0604,5915.3562,484.54624136423,484.1945,4150.4897,578.5588,2096.0917,467.8602,0,0,655.756,2092618,13531017,7794228,7899562,-15753.4078586358,0.0438333333333333
"Chile",2003,23.4317,88.2483,215.1006,174.8453,1000.1643,13,1734.704,-36480.1254,0,1462.2818,805.1292,50.2241,460.2148,6517.6091,4.078,533.6265,4750.7502,577.8594,2079.6601,456.6891,0,0,480.3948,2106807,13692735,7874834,7984277,-15052.1141,0.255
"Chile",2004,17.9906,70.6968,228.675,154.2206,1001.8337,17,1770.2938,-36480.1254,0,1685.1286,994.6667,43.8618,505.5065,7130.5648,8.2959,700.6457,4354.3331,621.8146,2128.9889,485.3225,0,0,815.5797,2120588,13853190,7952250,8065716,-13744.7061,0.646166666666667
"Chile",2005,39.9536,118.6557,224.4863,155.0258,1002.0263,2,1919.6989,-36480.1254,0,1710.1474,1075.3724,39.7669,486.9228,7849.8914,43.9141,952.8422,4079.358,652.7671,2117.2551,515.0143,0,0,458.3501,2134099,14012965,8028913,8146398,-13036.677,0.259833333333333
"Chile",2006,9.0441,77.4352,200.9403,173.2969,1001.5417,2,1898.4982,-36480.1254,0,1720.757,1186.4034,55.7483,591.3193,8143.0165,82.4109,903.8619,4114.8122,675.0419,2092.7198,542.7355,0,0,439.6553,2147356,14172436,8107283,8227292,-12568.887,0.554833333333333
"Chile",2007,22.6803,89.529,156.1854,134.8037,1001.1736,160,2045.0455,-36480.1254,0,2079.9002,1475.27,93.8184,796.2334,6776.4943,119.4683,673.938,4498.4654,594.8972,2134.9611,545.7959,0,0,457.3708,2160337,14331350,8186994,8308544,-12624.0949,-0.22825
"Chile",2008,17.124,221.6309,179.0911,129.8179,1003.3443,164,2122.157,-36480.1254,0,2102.2943,1731.0935,76.4974,767.553,7155.1634,156.7776,718.9168,4712.4083,678.8293,2103.2527,539.207,0,0,527.0544,2172928,14489014,8268938,8392523,-11373.9125,0.619833333333333
"Chile",2009,31.5878,104.2204,169.6995,146.6644,1000.5421,159,2173.1367,-36480.1254,0,2059.5123,1799.2157,61.6306,828.8081,6817.142,194.0869,792.6513,3687.4397,550.2539,2206.174,522.7659,0,0,562.2128,2185026,14644416,8353799,8479648,-12613.3813,0.386083333333333
"Chile",2010,31.1763,63.8056,194.0127,151.9104,1000.2056,166,2246.6042,-36480.1254,0,2282.9041,2251.1863,32.5183,728.5939,6971.0815,231.3961,798.3881,3819.9632,687.2043,2099.4355,536.231,0,0,958.7626,2196490,14796864,8437983,8566180,-11228.7457,-0.0425
"Chile",2011,26.3101,161.7402,215.4928,155.5894,1000.474,172,2324.4482,-81741.4793,0,2444.8746,2706.572,53.4787,834.9789,7929.5893,268.7054,864.3195,4038.0447,706.5908,2080.3991,550.8838,0,0,1236.8696,2207299,14946058,8521805,8651769,-53970.1182,0.365916666666667
"Chile",2012,35.4785,131.5208,184.0339,148.5907,997.941,179,2403.8304,-81741.4793,0,2735.4877,2935.7572,64.9311,1241.082,7797.4019,306.0144,892.0974,4152.5495,747.5453,2075.055,601.6948,0,0,962.235,2217485,15092261,8605184,8736586,-53149.2327,0.550416666666667
"Chile",2013,7.2329,50.8269,212.0733,130.0656,998.0019,178,2604.4757,-81741.4793,0,2852.9119,3230.3954,71.1336,1230.9507,5243.9066,301.6047,906.6911,4114.1324,668.9474,1777.331,522.7566,0,0,741.6784,2227155,15235827,8688160,8821764,-55898.3632,0.5405
"Chile",2014,40.8847,143.9854,189.3621,138.7243,995.014,166,2518.1221,-81741.4793,0,2624.5227,3375.5208,41.5109,887.8365,5091.2203,335.1899,943.2889,4343.9155,696.2738,1775.3174,516.3354,0,0,676.2999,2236368,15377430,8775549,8911559,-56242.1547,0.414166666666667
"Chile",2015,53.6772,543.4102,199.6422,146.875,995.014,170,2635.7381,-81741.4793,0,2702.185,3727.9527,45.7705,870.6968,5111.8657,335.5652,934.9755,4599.183,706.6823,1659.5543,535.8212,0,0,731.5757,2245203,15517478,8865948,9004176,-55035.2947,0.893583333333333
"Chile",2016,25.5883,98.6268,211.5669,164.3781,1004.1223,171,2779.955,-58269.1025,0,3192.2049,4185.4615,37.7996,1061.4834,5225.8644,384.3525,994.7539,5265.0562,693.5117,1674.8097,525.246,0,0,892.1719,2252605,15657149,8971935,9111944,-29681.1494,1.04233333333333
"Chile",2017,153.0556,1286.5958,190.023,129.6754,1008.3324,169,2872.538,-58269.1025,0,3020.3649,4602.3874,800.6649,1034.5725,5293.9258,422.5808,1047.358,5295.5161,630.9166,1718.3533,510.842,0,0,1498.8097,2258558,15796168,9114379,9254199,-26583.5903,0.8625
"Chile",2018,8.8595,40.4186,196.9467,182.8475,1022.9931,163,2964.3783,-58269.1025,0,1994.7346,4937.6709,1026.3778,1118.8083,5378.8336,319.066,1066.1243,5848.3276,683.6425,1717.1844,525.0578,0,0,1584.7329,2262995,15934214,9281300,9420150,-27489.0981,0.54825
"Chile",2019,35.4821,142.4491,179.2192,162.5325,1034.4856,171,2992.3565,-58269.1025,0,2159.5216,4883.5599,1062.0427,1392.1974,5452.1497,270.2374,1080.2169,5159.7409,683.6555,1845.2216,541.6013,0,0,1520.551,2265846,16070807,9450404,9589082,-27500.8816,0.688583333333333
"Chile",2020,24.3844,198.269,158.2068,163.4739,1035.6147,171,2721.0656,-58269.1025,0,2306.6971,4913.3992,385.9245,1379.2988,5519.8462,253.4017,1173.9188,5369.0616,703.3308,1870.6072,559.3494,0,0,1519.803,2267065,16205574,9579957,9720358,-27842.4498,0.927166666666667
"Colombia",1990,1420.5829,362.5278,312.3966,3023.2138,403.2156,386,1779.0058,-2843.1953,94828.6335,2100.9905,398.9408,12.8039,598.7016,9403.1192,2383.5493,43.341,3601.3151,1213.9412,10140.7323,1238.8283,0,332.7137,2687.5131,10459380,23812185,16281573,16319819,133828.8707,0.297416666666667
"Colombia",1991,1420.5829,362.5278,281.892,2524.2762,403.2156,426,1815.0657,-2843.1953,94828.6335,2242.9826,429.6352,12.9282,705.2197,9504.9299,2587.8789,82.2322,3632.1182,1278.5282,10121.9094,1258.3403,0,332.7137,2217.5638,10492669,24424097,16605752,16666875,133625.9787,0.477416666666667
"Colombia",1992,1420.5829,362.5278,256.9215,2457.3895,403.2156,457,1992.9602,-2843.1953,94828.6335,2393.5836,492.6493,16.4341,635.7048,9572.7471,2809.4394,118.9917,3789.6738,1289.4678,10318.0425,1279.684,0,332.7137,2279.8107,10520182,25038500,16926884,17012155,134664.9782,0.60025
"Colombia",1993,1420.5829,362.5278,255.4324,2238.9245,403.2156,412,2209.0385,-2843.1953,94828.6335,2688.7751,464.9803,79.8506,678.2573,9640.7301,2671.5693,153.8231,4275.4422,1312.7882,10560.6548,1307.0363,0,332.7137,3618.3834,10542121,25653047,17252549,17362186,137072.1643,0.26225
"Colombia",1994,1420.5829,362.5278,263.8167,2368.7005,403.2156,463,2246.1436,-2843.1953,94828.6335,2775.875,457.4949,66.2551,626.9183,9693.5323,2653.0701,193.9753,4999.5241,1371.2656,10696.8974,1334.074,0,332.7137,2914.7221,10557927,26265610,17580991,17714470,137629.7432,0.248666666666667
"Colombia",1995,1420.5829,362.5278,250.6563,2359.8646,438.9085,580,2334.4664,-2843.1953,94828.6335,3025.0429,507.3421,83.7604,723.6045,9791.3041,2715.38,230.683,4987.7116,1417.0684,10678.7381,1340.5648,0,332.7137,2956.5143,10567153,26874824,17906602,18063500,138522.8726,0.503416666666667
"Colombia",1996,626.8803,247.1006,231.3283,2362.7132,438.9085,503,2377.6912,-2843.1953,94828.6335,2895.6116,459.6843,185.2447,766.5863,10066.9614,2685.1214,271.2336,4863.6265,1496.824,10783.8686,1341.1804,0,204.0154,3039.8075,10569066,27479972,18226168,18406405,137832.826,0.11775
"Colombia",1997,639.6145,634.6541,229.6185,2286.2887,438.9085,508,2517.5376,-2843.1953,94828.6335,3231.3583,574.2742,249.7348,808.1217,10360.4283,2925.5562,314.2116,4945.8342,1504.457,10595.8403,1328.9605,0,546.1248,3275.3312,10564799,28080612,18544061,18747884,139900.2932,0.618333333333333
"Colombia",1998,861.8749,660.417,210.1212,2336.7742,449.1113,1349,2481.261,-2843.1953,94828.6335,2612.9408,597.7091,404.1536,592.4798,11181.9597,2252.2571,356.3538,4902.6271,1533.6365,10591.3976,1307.1171,0,552.2259,2443.9631,10554690,28679372,18858347,19086068,139662.819,0.817416666666667
"Colombia",1999,626.7783,404.477,236.7312,2640.7491,460.5914,1166,2169.4297,-2843.1953,94828.6335,2815.0548,284.7897,126.3516,514.6851,11147.6978,1228.5679,402.1935,3783.5811,1537.2493,10051.0435,1260.3864,0,367.9364,2163.2192,10540299,29278980,19166664,19418369,135372.9512,-0.05275
"Colombia",2000,854.9206,801.6618,232.5056,2742.7586,498.4408,1520,2154.8457,-2843.1953,94828.6335,3112.0059,296.7779,210.7867,598.925,11223.5609,1518.0354,440.8088,4337.6795,1640.244,10026.3109,1298.5462,0,751.3694,2118.9123,10522282,29881676,19469885,19745251,138364.5342,0.03
"Colombia",2001,1856.9303,122.1888,234.8906,2751.1477,521.1694,1983,2014.4192,-8922.7497,88702.3132,3789.4091,323.1752,216.8498,639.93,11253.825,1477.4797,483.0744,4331.8831,1701.336,10071.5286,1339.2015,0,88.5602,3115.1722,10501653,30487256,19769644,20068231,128094.7343,0.452166666666667
"Colombia",2002,1499.9296,60.2598,233.5849,2493.4697,532.1003,1951,2039.7536,-8922.7497,88702.3132,3327.2959,482.4289,204.5451,455.7673,11298.1818,1607.6449,528.0711,4424.0774,1746.1496,10119.9395,1337.9026,0,52.8878,3088.3542,10477378,31095113,20066543,20387506,127262.9075,0.700916666666667
"Colombia",2003,2400.8157,307.0336,272.3285,2889.3302,549.8662,1860,2053.7784,-8922.7497,88702.3132,3271.4004,591.9127,144.832,656.3705,11274.2912,1561.475,576.8652,4751.3372,1778.7463,10147.7872,1338.7315,0,270.2971,3265.7647,10449169,31702982,20357979,20699708,129742.5271,0.671916666666667
"Colombia",2004,2917.6022,957.8322,279.801,3015.3004,587.8598,2003,2353.0639,-8922.7497,88702.3132,3233.5897,524.4172,155.2311,164.8075,11323.3655,711.9596,598.5294,4862.0608,1778.3987,10184.6439,1325.3964,0,914.3825,2869.646,10416017,32308146,20643488,21004780,130540.4513,0.581166666666667
"Colombia",2005,1616.7738,72.8337,256.2032,2645.5586,587.8598,2253,2267.2674,-8922.7497,88702.3132,3438.0078,678.1559,117.7865,209.7425,11371.8794,979.1552,843.4931,5667.4103,1796.6478,10466.5905,1333.9407,0,64.6862,2920.3981,10378127,32907507,20920388,21300552,129366.954,0.655833333333333
"Colombia",2006,1223.5814,173.9271,239.5792,2494.1717,587.8598,2109,2360.8089,-8922.7497,88702.3132,3921.5075,782.7998,114.6487,233.9422,11412.3033,1243.3506,1176.5481,5558.9612,1608.3995,10785.4873,1414.9927,0,158.7943,2620.1618,10335155,33500567,21186610,21586300,130000.3886,0.57525
"Colombia",2007,2730.1437,772.7287,260.0184,2505.6994,593.8227,1538,2511.3345,-8922.7497,88702.3132,3974.9313,894.3579,117.3789,292.179,11442.767,1479.2155,1285.6838,6094.8771,1469.5157,11214.7834,1553.1491,0,695.5239,3013.6705,10287615,34086957,21442913,21863668,134219.344,0.588416666666667
"Colombia",2008,2001.9486,216.7937,272.7964,2863.4029,608.9239,957,2489.2997,-8922.7497,88702.3132,3548.5759,1071.3885,97.8932,376.3806,11491.8499,2295.6252,942.3649,5892.5013,1479.3494,11311.4997,1608.6748,0,210.9731,2523.6267,10235594,34665950,21686623,22128690,132040.4319,0.41225
"Colombia",2009,1344.2545,105.4017,266.8746,3064.0454,610.7559,990,2549.8429,-8922.7497,88702.3132,3903.9308,1391.4702,306.2857,426.2973,11525.1862,2850.3256,1067.4777,5521.7378,1738.8932,10966.2697,1618.2,0,96.6071,3084.5453,10179227,35236954,21925966,22387951,133207.9651,0.953333333333333
"Colombia",2010,1429.7116,79.8995,230.9152,2798.0943,624.3412,921,2628.8113,-8922.7497,88702.3132,4189.4745,1656.9334,343.0994,486.3011,11541.1177,3253.013,1067.8748,5833.826,1837.656,11204.6695,1696.5877,0,60.2421,3137.739,10118665,35799432,22167933,22648175,134800.8708,0.920666666666667
"Colombia",2011,1143.5906,113.7039,243.7025,2945.5245,642.444,989,3132.7617,-3534.3359,59250.2035,3559.7372,1618.863,215.8209,477.1756,11601.8872,2963.091,1265.914,6471.3224,1873.4105,10228.333,1622.3516,0,110.3417,4046.6691,10054003,36352643,22405198,22903701,110981.512,0.505666666666667
"Colombia",2012,1076.7376,122.4488,262.3182,2797.5199,642.444,885,3268.4872,-3534.3359,59250.2035,3691.4081,1906.1133,292.1259,511.1083,11650.3818,3355.9536,1244.5408,7145.3616,1973.6122,9247.6603,1555.8333,0,90.6387,4074.5113,9985405,36896070,22632420,23149997,111510.0725,0.7015
"Colombia",2013,1293.8177,166.8435,250.6276,3018.7871,652.6865,1187,2855.0859,-3534.3359,59250.2035,4021.9158,2295.6468,106.3703,738.8731,11691.4137,3218.7607,1193.3564,7148.6184,1976.1024,8901.606,1513.2067,0,149.9008,4052.195,9913190,37429791,22850386,23387544,112148.682,0.8225
"Colombia",2014,1821.0788,359.8208,251.399,2676.1214,652.6865,1383,3432.6228,-3534.3359,59250.2035,4506.3175,2715.2066,119.7648,634.0294,11634.392,3322.4409,1130.0498,8008.6591,2022.9692,8838.5461,1564.5331,0,337.7022,3581.6891,9837737,37954174,23060580,23617367,114708.8967,0.8935
"Colombia",2015,1023.5458,370.7663,256.7681,2964.02,652.6865,794,3725.6303,-3534.3359,59250.2035,4559.7422,2942.783,130.1091,721.1811,11592.7825,3104.1952,425.9515,8492.0829,1297.2489,9366.0424,1498.6048,0,345.9332,3072.5859,9759346,38469351,23272374,23847355,113052.5273,1.30833333333333
"Colombia",2016,1449.7164,391.8133,282.8118,3309.4183,652.6865,766,3883.9087,-281.4225,82452.6637,4670.2128,3739.3265,132.3855,748.3898,11603.678,3329.7988,439.6281,9117.766,1648.6703,9190.454,1489.0892,0,376.1639,3088.4398,9678238,38975181,23517966,24107989,142481.5989,0.976583333333333
"Colombia",2017,940.7876,226.7051,296.9042,3465.0346,656.9638,813,3857.1527,-281.4225,82452.6637,3925.6194,3559.1284,83.2674,698.1202,11624.5001,3276.3629,1070.7564,9008.5735,1407.931,10143.9774,1548.1091,0,223.6014,3274.1797,9594518,39471097,23874571,24477100,142271.9161,0.857083333333333
"Colombia",2018,1694.029,1126.815,271.7646,3055.5171,656.9638,852,3961.5099,-281.4225,82452.6637,4441.8372,3908.0886,124.085,729.1584,11647.9756,4367.1651,1087.8976,9369.9901,1533.9268,10846.2479,1636.3428,0,1110.7759,3431.328,9508270,39956413,24331054,24945907,148024.6596,1.13033333333333
"Colombia",2019,1223.3528,234.2218,275.8197,3081.5663,701.2562,1545,3961.4613,-281.4225,82452.6637,4726.5476,3992.8006,161.5967,597.4356,11651.1227,4658.2933,1100.3511,9401.4207,1576.3271,11493.1082,1791.022,0,208.2235,2811.7051,9419540,40430278,24779301,25408106,147363.8735,1.436
"Colombia",2020,1714.2445,434.0292,300.1873,3460.1613,705.5352,933,3419.0306,-281.4225,82452.6637,5021.634,4104.8463,161.5967,737.9302,11637.0405,5333.1846,1193.8466,9114.6907,1625.1973,11933.0027,1874.3034,0,409.0646,2811.7051,9328416,40891996,25139588,25791075,149095.472,1.54625
"Ecuador",1990,15.9962,10.3421,115.6013,1582.8372,16.5996,16,619.5382,-1042.183,37579.7727,671.1929,43.1657,186.1026,67.6313660738584,3687.4925,393.605740487947,356.491016867166,1128.1713,406.0441,2020.6421,456.5557,0,1.2982,460.3758,4588951,5629140,5239060,5210778,48793.273323429,0.482416666666667
"Ecuador",1991,15.9962,10.3421,89.0245,1217.3364,16.5996,15,648.705,-1042.183,37579.7727,801.1995,55.3678,249.8653,67.6313660738584,3703.5832,393.605740487947,356.491016867166,1158.421,419.4795,2104.6588,478.2398,0,1.2982,424.1935,4633280,5827710,5356901,5329377,48764.628223429,0.555166666666667
"Ecuador",1992,15.9962,10.3421,131.4765,1820.448,16.5996,8,830.8047,-1042.183,37579.7727,889.9166,73.5103,322.4855,71.2878538463945,3710.6914,406.660965278338,356.491016867166,1128.73,433.6947,2181.4129,496.6301,0,1.2982,421.1647,4686298,6019369,5470462,5443760,49865.2310359919,0.834333333333333
"Ecuador",1993,15.9962,10.3421,145.9163,2094.5148,16.5996,132.808120242002,796.2038,-1042.183,37579.7727,870.8683,55.1517,232.0257,67.6313660738584,3708.9783,409.010199122807,356.491016867166,1069.5919,447.1475,2230.9001,505.2278,0,1.2982,372.618,4737460,6213742,5579330,5553499,50076.9107023058,0.606833333333333
"Ecuador",1994,15.9962,10.3421,159.0381,2234.1648,16.5996,136.26199146735,880.7451,-1042.183,37579.7727,927.0134,58.9439,236.2346,71.2878538463945,3708.5535,415.12144515513,356.491016867166,1101.0342,462.306,2295.5784,521.3555,0,1.2982,335.5792,4786069,6410410,5686302,5661350,50481.534807336,0.379416666666667
"Ecuador",1995,15.9962,10.3421,147.7552,2326.128,16.5996,137.800638496392,931.6214,-1042.183,37579.7727,1137.4424,102.8887,447.0976,71.2878538463945,3719.526,427.070091521451,356.491016867166,1303.4353,471.8195,2306.7382,530.6173,0,1.2982,299.7758,4831842,6608741,5792883,5768799,51299.3208007314,0.688583333333333
"Ecuador",1996,3.7242,17.8036,153.6648,2308.3116,16.5996,137.800638496392,1045.7035,-1042.183,37579.7727,1181.0959,112.2348,438.2543,71.2878538463945,3765.1482,427.070091521451,356.491016867166,1486.6986,506.2193,2417.014,559.4042,0,1.0767,282.5279,4874725,6808754,5899241,5875980,51825.7205007314,0.0306666666666667
"Ecuador",1997,4.432,9.2094,153.1018,2412.2112,16.5996,21,1001.3284,-1042.183,37579.7727,1307.6885,142.8728,533.3322,71.2878538463945,3790.1141,418.609611644659,356.491016867166,1430.0813,539.4067,2543.5218,592.1449,0,0.8206,249.5994,4914933,7010060,6005171,5982667,52131.4428823582,1.40358333333333
"Ecuador",1998,6.8244,14.3671,113.1882,1912.9345,16.5996,65,1053.7532,-1042.183,37579.7727,1411.642,161.7193,609.7613,71.2878538463945,3831.0938,418.609611644659,356.491016867166,1314.0566,566.3212,2397.087,585.2964,0,0.9612,255.283,4951762,7212123,6110733,6088961,51699.8669823582,1.19783333333333
"Ecuador",1999,3.0062,8.0943,138.2642,2152.8444,16.5996,42,997.8132,-1042.183,37579.7727,1255.829,131.83,448.0148,71.2878538463945,3848.7534,418.609611644659,356.491016867166,1175.9914,442.6944,2414.2537,433.1358,0,0.755,276.9166,4984773,7413918,6216530,6195516,51170.7741823582,0.186083333333333
"Ecuador",2000,15.2087,1.7297,133.8087,1991.2738,16.5996,61,1008.2263,-1042.183,37579.7727,1290.5918,140.3729,430.4729,71.2878538463945,3855.1105,418.609611644659,356.491016867166,1411.6187,468.408,2107.1537,460.8491,0,0.7148,189.735,5013641,7614955,6323386,6303121,50966.8523823582,0.245916666666667
"Ecuador",2001,12.4944,17.4935,129.3218,2051.4497,17.6771,137.800638496392,1219.9109,-594.4333,29052.2686,1342.2746,190.3237,568.6338,71.2878538463945,3887.2588,427.070091521451,356.491016867166,1468.8981,553.5288,2247.7224,482.365,0,0.5552,200.6775,5038399,7814356,6432559,6412962,43841.0702007314,0.518583333333333
"Ecuador",2002,2.5984,4.4057,145.5418,2174.4122,17.6771,132.644747621325,1186.7778,-594.4333,29052.2686,1471.6494,219.9603,590.1143,71.2878538463945,3894.9484,427.070091521451,356.491016867166,1516.6368,516.8718,2320.5919,485.775,0,0.1388,190.9373,5082637,7989423,6544813,6525796,44184.3660098563,0.777333333333333
"Ecuador",2003,11.3979,2.3465,143.891,2102.4763,17.6771,764,1222.9426,-594.4333,29052.2686,1521.8458,245.7253,652.4903,343.618462013018,3906.6521,799.005687023017,356.491016867166,1554.5964,511.6658,2305.2003,482.1335,0,0.2776,207.6335,5140934,8148667,6659818,6641367,45609.9024659032,0.81175
"Ecuador",2004,15.4275,2.4603,173.3549,2478.7022,81.2958,373,1172.6624,-594.4333,29052.2686,1713.8998,288.3569,761.7484,183.623086525289,3946.5667,597.59755889715,356.491016867166,1688.1657,514.8519,2342.5725,472.4228,0,1.9431,184.5949,5199348,8310299,6776204,6758388,45807.5727622896,0.848416666666667
"Ecuador",2005,27.9499,20.7398,151.35,2218.524,81.2958,266,1189.8562,-594.4333,29052.2686,1970.4374,357.5856,1047.6028,74.3391712865318,3967.4879,480.265556454193,356.491016867166,1780.4981,480.5742,2288.4447,456.8144,0,2.637,199.1547,5259140,8476093,6893501,6876511,45875.8835446079,0.815833333333333
"Ecuador",2006,11.9082,4.0309,146.5245,2102.441,81.2958,71,1272.1973,-594.4333,29052.2686,2058.3486,424.0723,1243.213,72.0686398828499,4010.1137,418.609611644659,356.491016867166,1959.0408,506.3173,2253.8574,493.138,0,2.2207,209.3019,5320597,8646883,7012450,6996611,46154.0259683947,0.844583333333333
"Ecuador",2007,17.2315,16.129,169.4112,2341.1279,81.2958,173,1114.0065,-594.4333,29052.2686,1497.4836,426.018,1209.8506,72.0686398828499,4042.9644,462.997272760658,356.491016867166,2069.041,444.4983,2121.1258,419.8808,0,1.3879,235.2767,5383366,8822087,7133070,7118765,45729.1212295107,0.762666666666667
"Ecuador",2008,2.3631,0.5457,146.797,2086.4651,81.2958,367,1124.679,-594.4333,29052.2686,1514.511,420.2538,1049.5048,166.21110839282,4076.8118,566.372118154543,356.491016867166,2488.6791,488.4163,2226.4327,441.3125,0,0.4164,262.2774,5446778,9000784,7254593,7242204,46324.6710434145,0.736416666666667
"Ecuador",2009,22.6694,5.9765,157.9646,2321.5004,81.2958,264,1154.9816,-594.4333,29052.2686,1714.2645,503.3133,1593.7982,74.3391712865318,4071.8247,480.265556454193,475.822368298054,2388.5822,530.5294,2359.574,489.8855,0,0.4164,291.9496,5509980,9181295,7376503,7366263,47440.7884960388,1.00558333333333
"Ecuador",2010,4.6956,7.993,170.5881,2311.6456,81.2958,850,1380.3663,-594.4333,29052.2686,1751.2524,558.7538,1956.5529,348.648862135367,4259.0521,799.005687023017,475.822368298054,2377.5135,592.7834,2423.3145,534.6287,0,7.2172,325.0973,5572140,9362550,7498852,7490733,49674.0624174564,1.00625
"Ecuador",2011,34.1474,2.0534,158.4307,1940.1472,81.2958,435,1491.5106,-3409.3808,20347.6906,1775.2989,539.1131,1706.1192,337.381995002131,4155.5725,777.281574479836,475.822368298054,2550.6143,569.0789,2373.4438,523.1936,0,1.6655,355.333,5638262,9539093,7622056,7615672,37220.81363778,0.821833333333333
"Ecuador",2012,22.997,38.1282,173.8456,2182.4796,81.2958,275,1567.3193,-3409.3808,20347.6906,1824.3149,575.2842,1724.4894,74.9611963307153,4172.4036,485.771411717126,475.822368298054,2659.5722,516.5037,2351.4455,463.822,0,1.6655,395.1688,5707115,9712551,7744557,7739326,37000.6000763459,0.633166666666667
"Ecuador",2013,19.2246,1.5801,171.3001,2333.0076,81.2958,131,1665.5716,-3409.3808,20347.6906,1943.919,634.0323,2012.5218,72.0686398828499,4190.8732,432.575946784383,495.181705688792,2937.5318,555.2247,2316.484,481.2559,0,0.4164,407.1099,5775237,9886310,7863795,7859194,37820.484892356,0.53425
"Ecuador",2014,6.9451,6.1247,175.7675,2082.3197,81.2958,829,1795.1831,-3409.3808,20347.6906,2059.6409,677.4054,2166.0469,348.648862135367,4187.8475,804.511542285949,640.872928252168,2936.4631,580.7772,2089.3427,529.7172,0,0.694,437.872,5842585,10060527,7981215,7976779,39374.7859326735,1.02758333333333
"Ecuador",2015,10.2997,19.0925,193.4786,2205.688,81.2958,697,1874.5058,-3409.3808,20347.6906,2091.038,679.7987,2163.4732,348.648862135367,4181.6959,804.511542285949,640.872928252168,2654.4227,530.4907,1891.6099,480.5927,0,1.2491,433.8605,5909194,10235174,8100227,8095675,38921.9349326735,1.44325
"Ecuador",2016,48.6135,11.2627,157.5392,2153.2207,81.2958,717,1825.1112,0,26042.4182,2065.8232,520.4933,1841.5468,348.648862135367,4636.7245,779.577767584607,475.822368298054,2543.3805,495.217,1884.6373,429.1112,0,2.0819,358.9218,5974947,10410121,8222126,8217460,47418.447798018,1.48891666666667
"Ecuador",2017,9.3822,1.681,151.8699,2105.628,81.2958,661,1947.6957,0,26042.4182,1966.7828,443.1788,1293.9107,355.523462913458,4620.4596,779.577767584607,394.361149123861,2601.3401,484.3794,1906.9267,426.8808,0,0,402.6214,6039811,10585047,8350700,8346245,46676.9134796219,1.14858333333333
"Ecuador",2018,13.2882,9.4963,150.2787,1753.9922,81.2958,671,1974.9558,0,26042.4182,1966.7537,541.2978,1412.8045,348.648862135367,4609.1991,779.577767584607,475.822368298054,2640.2714,489.951,1843.8913,436.2451,0,0.8328,428.0897,6101055,10762370,8509651,8506021,46670.110598018,0.942166666666667
"Ecuador",2019,35.2,22.2537,142.2958,1512.7652,81.0195,563,2006.2733,0,26042.4182,1955.0014,479.9277,1086.6187,337.381995002131,4592.9634,779.577767584607,356.491016867166,2868.231,516.8033,1935.4156,436.8412,0,2.0819,462.2826,6158510,10941934,8672767,8670974,46214.8432794539,1.3245
"Ecuador",2020,28.2384,13.6817,151.5159,1839.7109,81.0195,563,1645.0231,0,26042.4182,2002.2853,466.3191,1092.1666,337.381995002131,4571.9396,779.577767584607,356.491016867166,2877.1889,501.1165,1941.4416,424.1685,0,1.5267,417.6158,6212001,11123641,8790148,8798448,46133.8270794539,1.50375
"Guyana",1990,31.6367,34.7888,11.3112,382.4325,1427.401,17,27.9223,0,4015.6997,29.0329,31.8129,11.5238,67.6313660738584,158.6177,209.587728357542,4276.24018615978,3.8709,9.3145,80.9953,11.7156,0,33.5891,216.6847,523416,219893,369694,377423,11088.8088805912,0.62225
"Guyana",1991,31.6367,34.7888,17.4209,559.9779,1427.401,20,25.4769,0,4015.6997,33.163,34.7216,7.2221,67.6313660738584,159.8499,209.587728357542,4276.24018615978,4.421,8.6554,91.749,11.9365,0,33.5891,207.7809,524773,219516,368058,376038,11278.9496805912,0.145416666666667
"Guyana",1992,31.6367,34.7888,19.4155,606.7662,1427.401,20,24.6059,0,4015.6997,33.0378,34.4078,5.986,67.6313660738584,163.2517,209.587728357542,4374.35457323536,4.5362,10.2284,97.9753,13.25,0,33.5891,173.0674,528154,219980,368670,376329,11401.2171676668,0.0771818181818182
"Guyana",1993,31.6367,34.7888,23.3537,754.8995,2066.4933,20,24.6542,0,4015.6997,33.4969,22.0026,7.2597,67.6313660738584,163.6532,209.587728357542,5093.86164102386,4.9989,12.6002,95.268,15.7049,0,33.5891,175.4368,532603,220881,370139,377050,12906.6169354553,0.357833333333333
"Guyana",1994,31.6367,34.7888,25.0142,755.0633,2065.2671,12,43.39,0,4015.6997,26.5661,19.8457,146.676,67.6313660738584,164.5849,232.611115011456,4376.63183552365,4.8942,12.166,95.3131,14.9183,0,33.5891,399.3028,536712,221630,371689,377857,12577.590316609,0.440666666666667
"Guyana",1995,31.6367,34.7888,33.9156,989.8243,2397.0367,13,45.2269,0,4015.6997,24.788,9.8332,158.7257,67.6313660738584,176.2995,232.611115011456,5091.23984140102,4.2242,13.8055,93.6741,16.019,0,33.5891,456.7666,539477,221814,373128,378561,13940.3359224863,1.04241666666667
"Guyana",1996,4.2275,49.5369,34.8364,1008.3251,2602.6177,11,50.885,0,4015.6997,26.3105,10.6969,167.821,67.6313660738584,178.5627,232.611115011456,5091.23984140102,4.4368,18.3186,90.9758,17.5061,0,48.7992,530.9876,540558,221303,374420,379151,14263.0258224863,0.570416666666667
"Guyana",1997,6.1073,67.3804,36.7091,1063.0158,2660.0263,5,55.1409,0,4015.6997,27.4519,12.1769,191.6157,67.6313660738584,292.2462,232.611115011456,5091.23984140102,4.3642,19.9163,88.1723,18.2931,0,66.4583,590.6646,540273,220237,375563,379647,14611.9213224863,0.898833333333333
"Guyana",1998,11.7379,284.8034,33.4285,963.8978,2671.3048,3,54.0499,0,4015.6997,27.4252,13.1972,206.8525,67.6313660738584,177.2153,232.611115011456,5088.31821840102,4.7615,19.4366,85.2094,17.6789,0,284.0464,542.6332,539127,218825,376625,380072,14804.9388994863,1.30433333333333
"Guyana",1999,3.3668,24.4625,36.705,1094.9454,2796.3442,1,61.9712,0,4015.6997,30.8316,14.089,165.014,67.6313660738584,182.2786,232.611115011456,5088.31821840102,5.2815,20.314,82.9801,18.3118,0,24.017,663.9582,537892,217386,377625,380389,14630.1312994863,0.44175
"Guyana",2000,2.0646,22.0248,29.2453,864.1319,2807.8733,8,58.3231,0,4015.6997,25.0333,15.28,96.3015,67.6313660738584,178.6995,232.611115011456,5091.23984140102,4.3489,19.9845,79.2752,17.9619,0,21.7583,603.7805,537149,216152,378495,380557,14261.2686224863,0.552166666666667
"Guyana",2001,10.2983,20.2491,31.8334,927.3877,2829.3257,8,60.2843,0,4701.7459,27.0735,19.7786,89.1733,67.6313660738584,179.4001,214.003351130085,5091.23984140102,4.5789,19.773,77.3669,17.7708,0,19.9905,618.3966,537070,215193,379218,380591,15035.301158605,0.926083333333333
"Guyana",2002,26.9739,14.786,28.1277,802.1496,2837.203,9,57.7977,0,4701.7459,28.6819,24.3575,87.1912,67.6313660738584,183.2651,214.003351130085,5091.23984140102,4.5589,23.6918,78.9166,20.8729,0,13.8808,589.4271,537460,214424,379813,380510,14905.502158605,1.04208333333333
"Guyana",2003,90.1068,92.6657,34.3875,962.2816,2833.1134,1,57.5838,0,4701.7459,47.4297,32.756,139.0928,67.6313660738584,175.8245,232.611115011456,5088.31821840102,4.7589,31.3534,88.0503,27.2241,0,89.95,571.3624,539030,212827,379988,380574,15369.2474994863,0.97575
"Guyana",2004,45.0739,10.1137,31.3665,861.7336,3194.8048,12,59.7457,0,4701.7459,51.0176,37.6776,128.601,67.6313660738584,177.3717,232.611115011456,5091.23984140102,4.6789,32.1786,89.062,27.8492,0,9.8551,608.9133,540711,210941,379674,380750,15475.2714224863,0.961666666666667
"Guyana",2005,34.3929,13.8301,27.2246,794.7016,3190.1458,2,56.9921,0,4701.7459,48.4393,43.3973,13.1379,67.6313660738584,173.3932,209.587728357542,5088.31821840102,4.9663,30.8395,87.397,26.7732,0,11.2438,569.8895,542015,208931,379057,380652,15196.0473128324,1.25825
"Guyana",2006,25.1258,4.2747,28.7883,760.4408,3184.2209,15,52.7318,0,4701.7459,50.2483,43.6534,18.3556,67.6313660738584,175.7908,209.587728357542,5091.23984140102,4.6463,28.3519,84.3364,24.8259,0,3.8868,495.0956,542846,206755,378137,380230,15069.9781358324,1.01508333333333
"Guyana",2007,30.4506,8.5682,28.8376,788.7432,3179.8775,12,58.5705,0,4701.7459,53.0516,48.3208,21.6898,0.1688,178.3541,150.573933424763,5073.53481956768,4.8936,33.4827,91.2542,28.9678,0,8.051,567.509,543379,204490,376976,379546,15068.6456529924,0.98225
"Guyana",2008,16.7286,3.9019,31.9207,892.2704,3177.9023,11,58.5088,0,4701.7459,56.5777,49.597,21.8252,0.3196,177.8547,150.573933424763,5073.53481956768,4.7636,31.2238,87.967,27.0199,0,2.2208,523.9424,544026,202288,375558,378592,15101.3990529924,0.588416666666667
"Guyana",2009,34.0286,10.2248,34.2981,929.5104,3176.4333,14,63.0768,0,4701.7459,65.0996,51.0901,23.9299,0.559,179.9783,150.573933424763,5073.53481956768,5.3236,35.4864,93.5085,30.44,0,9.5782,530.2798,545333,200360,373882,377375,15212.7000529924,1.19391666666667
"Guyana",2010,38.7646,56.1083,35.0095,978.6672,3168.402,11,67.0273,0,4701.7459,69.0058,51.0937,23.3727,0.7153,181.1351,150.573933424763,5073.53481956768,5.3336,33.015,91.3597,28.3673,0,54.5565,490.4277,547720,198836,371984,375947,15309.2159529924,1.098
"Guyana",2011,25.6563,5.0695,38.3741,1045.6992,3162.2426,18,71.1021,0,12376.3589,63.7568,60.2958,24.6486,0.8305,183.7589,150.573933424763,5073.53481956768,5.1662,36.3503,90.6956,29.5415,0,4.1643,552.2078,551338,197762,369890,374340,23018.0277529924,0.973916666666667
"Guyana",2012,36.9458,8.2526,39.8393,1068.0432,3147.8593,20,72.7908,0,12376.3589,65.138,63.1508,23.2321,1.0662,185.7973,150.573933424763,5073.53481956768,5.1789,41.5629,97.3303,33.7406,0,7.2181,493.0759,554275,198816,369501,374465,23010.6897529924,0.924583333333333
"Guyana",2013,33.7324,7.9029,48.8226,1227.4304,3146.6085,18,69.8483,0,12376.3589,70.9187,72.8078,36.3872,1.3148,187.7578,150.573933424763,5073.53481956768,5.2815,40.593,95.7714,33.2041,0,7.7735,417.8368,557948,200133,370411,377010,23122.4593529924,0.908083333333333
"Guyana",2014,36.8988,10.1047,43.3747,1380.7773,3141.2982,17,76.3618,0,12376.3589,74.3786,67.8983,30.9659,1.715,189.2311,147.904243515351,5073.53481956768,6.0968,39.9572,94.6255,32.5621,0,9.7168,468.1967,561752,201641,370931,380184,23318.957463083,1.09383333333333
"Guyana",2015,75.2296,38.1382,45.9973,1422.568,3132.0748,17,75.3224,0,12376.3589,71.7175,79.6523,38.1994,2.1194,182.1464,143.019747957077,5061.70738543197,44.7122,40.5221,95.4572,32.8948,0,33.8708,453.1371,565310,203204,371621,383410,23461.845533389,1.3055
"Guyana",2016,38.6075,51.4273,35.9686,1119.0099,3132.9479,17,84.5243,0,9744.3975,78.4267,89.1563,41.1792,2.4533,182.9404,147.904243515351,5061.70738543197,163.6148,41.8592,96.2974,33.84,0,48.5823,562.8723,568513,204790,372409,386678,20774.7165289473,1.57533333333333
"Guyana",2017,45.7486,3.5425,41.8923,1282.9552,3132.0763,17,78.7999,0,9744.3975,80.1755,98.2583,42.0903,2.017,184.5179,143.019747957077,5061.70738543197,162.6174,44.3378,97.8907,35.7339,0,2.6373,550.1904,571434,206425,373282,389970,20851.605933389,1.11541666666667
"Guyana",2018,28.5863,9.9085,54.6052,1245.0151,3133.0904,17,86.6426,0,9744.3975,79.153,109.3999,44.7097,1.4792,186.6538,147.904243515351,5061.70738543197,166.6227,45.1729,97.5909,36.3106,0,8.7446,582.3105,574102,208123,386040,399474,20887.0050289473,1.08483333333333
"Guyana",2019,46.2214,52.3871,44.5004,1324.3363,3107.2188,18,98.6692,0,9744.3975,89.2109,118.7382,31.2725,2.017,187.6207,143.019747957077,5061.70738543197,167.6174,46.1644,97.4158,36.9652,0,51.2232,665.5506,576594,209914,392821,405932,21134.253733389,1.26225
"Guyana",2020,62.4857,31.3204,45.4717,1383.1085,3107.5865,22,96.9583,0,9744.3975,95.4405,126.4579,27.1689,2.017,188.5954,143.019747957077,5061.70738543197,167.6201,47.1594,97.1339,37.6099,0,28.7341,627.2807,578961,211821,389899,407303,21143.273533389,1.35958333333333
"Paraguay",1990,1573.8147,880.8791,183.318,133.28,0,44,195.0879,-333.7277,42365.8074,83.9572,0.429,0.0253,67.6313660738584,1412.1733,209.587728357542,356.491016867166,264.8905,272.314,3452.8059,527.6718,0,478.6893,NA,2161900,2051842,2052617,2006578,52169.1258112986,0.02325
"Paraguay",1991,1573.8147,880.8791,123.2716,41.944,0,44,196.543,-333.7277,42365.8074,87.904,0.4345,0.0431,67.6313660738584,1440.426,209.587728357542,356.491016867166,263.0249,275.3493,3178.8917,516.3371,0,478.6893,NA,2185944,2137466,2107809,2060188,51767.3421112986,0.675833333333333
"Paraguay",1992,1573.8147,880.8791,137.5535,45.1976,0,43,256.148,-333.7277,42365.8074,95.7115,0.4373,0.0467,67.6313660738584,1459.9189,209.587728357542,356.491016867166,353.1566,273.0463,3284.1136,517.9622,0,478.6893,NA,2208126,2224610,2163065,2113986,52065.4651112986,-0.42875
"Paraguay",1993,1573.8147,880.8791,178.0286,71.05,0,82,264.9338,-333.7277,42365.8074,103.5624,0.4434,0.057,67.6313660738584,1472.2088,209.587728357542,356.491016867166,345.2205,276.6457,3571.7423,536.9754,0,478.6893,NA,2232604,2309298,2218285,2167916,52502.0408112986,0.238833333333333
"Paraguay",1994,1573.8147,880.8791,178.7909,71.0853,0,122,304.4775,-333.7277,42365.8074,111.3125,0.4432,0.0479,67.6313660738584,1484.1228,218.048208234333,356.491016867166,414.3511,281.5838,3782.6533,556.0808,0,478.6893,NA,2256416,2394809,2273399,2221903,52914.5824911753,0.966166666666667
"Paraguay",1995,1573.8147,880.8791,206.8217,76.3616,0,163,351.3319,-333.7277,42365.8074,123.8466,0.4651,0.3808,67.6313660738584,1500.3148,218.048208234333,356.491016867166,441.4496,291.9997,4055.3623,579.7038,0,478.6893,NA,2278990,2481860,2328184,2275733,53398.6712911753,0.422
"Paraguay",1996,669.735,1600.1531,234.9763,81.4968,0,201,340.9755,-333.7277,42365.8074,119.2772,0.4542,0.0978,67.6313660738584,1514.0418,271.243673167076,356.491016867166,425.5353,270.0115,4047.201,552.8776,0,754.9611,NA,2300248,2570446,2382421,2329234,53540.2399561081,0.0765
"Paraguay",1997,710.2622,2115.8658,262.6143,86.338,0,244,386.1039,-333.7277,42365.8074,127.0657,0.4573,0.0891,67.6313660738584,1529.4879,271.243673167076,356.491016867166,425.5599,259.1662,4058.1089,537.3472,0,788.3897,NA,2320138,2660206,2436036,2382253,54258.3018561081,0.93975
"Paraguay",1998,823.1272,1768.8305,260.5471,81.7712,0,126,415.9875,-333.7277,42365.8074,132.9274,0.462,0.0917,67.6313660738584,1540.3533,218.048208234333,356.491016867166,398.6492,247.6378,4076.4515,528.1106,0,694.0176,NA,2338321,2750989,2488820,2434630,53769.2148911754,0.0681666666666666
"Paraguay",1999,1527.7962,4548.9064,271.5442,108.8584,0,58,414.722,-333.7277,42365.8074,160.265,0.4648,0.0973,67.6313660738584,1546.601,209.587728357542,356.491016867166,392.7316,234.9253,4002.6621,507.5613,0,2299.7244,NA,2354571,2842366,2540168,2485863,58740.6498112986,0.0728333333333333
"Paraguay",2000,368.8517,874.2845,263.2837,102.9078,0,2,333.7172,-333.7277,42365.8074,138.8192,0.4669,0.1017,67.6313660738584,1551.0915,209.587728357542,356.491016867166,403.8542,225.3775,4042.4401,504.5936,0,502.2813,NA,2368649,2934051,2589005,2534814,51979.8607112986,0.0404166666666667
"Paraguay",2001,1907.3141,509.6295,332.9784,104.5856,0,89,354.7845,-333.7277,56636.9443,119.0905,0.4695,0.1027,67.6313660738584,1557.2155,209.587728357542,356.491016867166,366.9239,226.5546,4103.9272,509.6122,0,215.1569,NA,2380757,3025867,2632691,2578849,67334.2718112986,0.614416666666667
"Paraguay",2002,2269.6705,1464.0057,326.4402,105.9419,0,120,375.5677,-333.7277,56636.9443,123.4555,0.4698,0.1004,67.6313660738584,1564.8533,218.048208234333,356.491016867166,362.021,194.3499,3846.4394,446.8483,0,892.315,NA,2390764,3117847,2669782,2616730,69037.8657911754,1.18075
"Paraguay",2003,2464.9152,826.5598,388.0522,118.7878,0,88,401.0784,-333.7277,56636.9443,119.8838,0.4701,0.0984,67.6313660738584,1561.8879,209.587728357542,356.491016867166,425.1221,207.3827,4197.6588,484.1353,0,646.0948,NA,2412728,3195222,2702423,2650831,68867.0540112986,0.598916666666667
"Paraguay",2004,1340.0356,433.3367,386.3724,121.52,0,142,399.0865,-333.7277,56636.9443,129.8262,0.4703,0.1012,67.6313660738584,1568.3296,218.048208234333,356.491016867166,399.2329,209.0157,4003.0804,473.8949,0,290.5784,NA,2435187,3268553,2733019,2683305,66842.2679911754,0.407916666666667
"Paraguay",2005,2137.1677,863.2918,403.7015,131.32,0,172,364.4502,-333.7277,56636.9443,127.0358,0.5737,0.1081,67.6313660738584,1578.6866,232.598901881165,356.491016867166,421.4114,207.4711,4084.2924,474.16,0,607.8236,NA,2455395,3340099,2762367,2714511,68533.4317848222,0.563333333333333
"Paraguay",2006,1896.0124,464.3814,437.0644,164.64,0,179,385.1081,-333.7277,56636.9443,127.0315,0.8483,0.1172,67.6313660738584,1594.0873,264.744910835843,356.491016867166,431.8148,197.5648,4138.0993,463.5848,0,271.1014,NA,2473144,3409652,2790367,2744307,67742.5395937769,0.99725
"Paraguay",2007,2739.4391,1955.7785,572.5231,164.64,0,305,415.5027,-333.7277,56636.9443,129.3764,1.042,0.1272,67.6313660738584,1600.2828,271.243673167076,356.491016867166,420.0375,194.2673,4337.7204,470.5755,0,1451.0944,NA,2488720,3477439,2817256,2772888,71755.9895561081,0.156083333333333
"Paraguay",2008,1611.2338,223.1998,609.8505,132.7704,0,325,457.9342,-333.7277,56636.9443,127.1735,1.1781,0.1363,67.6313660738584,1615.8342,304.512023624311,356.491016867166,440.2127,181.8179,4324.6041,451.7598,0,112.8223,NA,2502774,3544343,2843994,2801155,67647.3786065653,0.318
"Paraguay",2009,1157.4073,181.8754,505.2902,196,0,346,480.6828,-333.7277,56636.9443,136.524,1.2608,0.1469,67.6313660738584,1626.9852,312.763982972584,356.491016867166,482.4718,189.2412,4783.7471,487.5934,0,101.5625,NA,2516303,3611534,2872003,2830572,67716.8915659136,0.874166666666667
"Paraguay",2010,1154.7466,324.3441,750.217,233.1459,0,367,547.2994,-333.7277,56636.9443,125.661,1.3058,0.1565,67.6313660738584,1645.205,346.042710012019,356.491016867166,459.4342,195.1349,5048.9287,509.4167,0,205.1608,NA,2529866,3680011,2904393,2864220,68640.538292953,0.3605
"Paraguay",2011,1449.5578,330.0833,816.3078,308.1355,0,387,576.1305,-1570.8898,69740.528,136.5611,1.3153,0.1727,0.0899,1661.3727,329.11297603095,356.491016867166,406.4666,199.8704,5101.7245,516.1396,0,186.6696,NA,2543703,3750080,2941517,2902421,80932.8394928981,0.502
"Paraguay",2012,1200.3065,214.107,644.6568,313.6,0,408,551.1911,-1570.8898,69740.528,142.8232,1.3062,0.0937,0.1742,1669.6822,390.95448056291,356.491016867166,496.5471,205.6306,5445.03,543.9224,0,167.2118,NA,2557635,3821584,2980731,2942591,80921.3664974301,0.97325
"Paraguay",2013,1709.2643,367.5576,906.6805,384.16,0,452,581.6111,-1570.8898,69740.528,147.7625,1.2448,0.1027,70.5239225217237,1689.9662,486.971287476424,356.491016867166,426.5605,208.6667,5481.2425,549.6769,0,257.4592,NA,2573579,3892161,3021458,2984194,82247.5799268653,0.313416666666667
"Paraguay",2014,975.7848,106.036,905.3134,470.4,0,341,611.7604,-1570.8898,69740.528,146.1024,1.0709,0.1144,67.6313660738584,1679.6467,376.944371576278,356.491016867166,470.4399,214.2788,5919.8149,584.6635,0,78.0546,NA,2590005,3962579,3063559,3027162,81475.1856545173,1.03183333333333
"Paraguay",2015,875.8432,68.0542,951.8854,501.76,0,337,676.3636,-1570.8898,69740.528,150.8822,0.7824,0.1206,0.3786,1676.6279,284.498521750082,356.491016867166,557.1829,215.3869,5821.2118,580.9912,0,40.2043,NA,2605873,4033246,3106699,3071251,81265.3029386173,1.53658333333333
"Paraguay",2016,1285.6187,156.7744,960.7345,509.6,0,316,814.4497,-1880.2626,47847.7947,149.3566,0.4275,0.1255,0.1894,1684.7254,338.014114022282,356.491016867166,556.8531,217.0982,5680.2402,574.4603,0,79.436,NA,2621149,4104159,3150499,3116116,59648.1267308895,0.18875
"Paraguay",2017,2597.2304,654.0902,1015.3827,548.8,0,330,917.7917,-1880.2626,47847.7947,153.6797,2.426,0.1318,0.129,1694.8057,338.014114022282,356.491016867166,609.453,223.4661,5649.1827,577.0725,0,279.294,NA,2635972,4175325,3194330,3161074,61914.9727308895,1.21041666666667
"Paraguay",2018,1179.6036,174.3698,1038.0782,556.64,0,343,969.5334,-1880.2626,47847.7947,161.1868,0.8764,0.1424,0.5089,1702.5107,346.266073370555,356.491016867166,611.4505,216.7499,5513.3139,561.0096,0,77.2061,NA,2649475,4247433,3237726,3205602,59776.4693902377,0.514833333333333
"Paraguay",2019,1685.5678,1361.4548,986.697,635.04,0,356,955.3293,-1880.2626,47847.7947,157.7269,0.8739,0.1463,71.2878538463945,1706.2852,453.763572000022,356.491016867166,614.4729,226.7188,5638.3526,578.5209,0,554.2453,NA,2661610,4320371,3280434,3249592,62306.5062427136,1.21875
"Paraguay",2020,2699.1516,539.5253,1114.903,705.6,0,318,858.2118,-1880.2626,47847.7947,161.8059,0.871,0.1564,0.0724,1708.8965,338.014114022282,356.491016867166,615.5351,228.1076,5729.6399,585.9291,0,414.7585,NA,2672298,4394032,3323985,3294711,62343.2013308895,1.43191666666667
"Peru",1990,38.9285,153.3473,126.626,1216.7423,31.128,14,723.4272,-23449.3055,83135.0989,501.5047,139.1545,15.1065,60.6898,7488.4957,356.428129252444,0.0535,1624.6087,420.3239,3375.0036,677.7758,0,120.655,1280.3681,6787924,15038734,11028476,11080623,78050.1606292524,0.2985
"Peru",1991,38.9285,153.3473,129.5498,1042.8166,31.128,7,715.4213,-23449.3055,83135.0989,525.505,93.2243,12.9233,70.3733,7671.9589,359.660024298648,0.059,1688.7173,422.3294,3360.3852,681.3931,0,120.655,1412.1144,6840962,15442166,11262762,11320245,78223.2831242986,0.555666666666667
"Peru",1992,38.9285,153.3473,111.0295,1096.4958,31.128,7,798.7548,-23449.3055,83135.0989,581.334,112.316,16.8399,54.3341,7819.653,318.64162205824,0.0634,1612.6984,411.9698,3310.25,671.8241,0,120.655,1526.3007,6890116,15846940,11492270,11554978,78479.3573220582,0.7855
"Peru",1993,38.9285,153.3473,142.3846,1169.1218,36.2019,3,822.7299,-23449.3055,83135.0989,527.2184,95.301,208.3318,60.9837,7939.8772,399.522976136648,0.0674,1835.97,402.1857,3294.1553,659.4581,0,120.655,1695.4104,6934573,16249655,11723006,11790876,79290.6443761366,0.4805
"Peru",1994,38.9285,153.3473,167.4397,1576.9417,36.2019,137.890990616047,905.6222,-23449.3055,83135.0989,533.968,88.0653,166.4768,42.2348,8068.8586,314.535163324287,0.0739,1970.5651,419.5845,3370.3424,683.9649,0,120.655,1760.1919,6962706,16656650,11956534,12026724,80241.6820539403,0.550166666666667
"Peru",1995,38.9285,153.3473,162.6142,1338.1676,40.2332,3,906.4887,-23449.3055,83135.0989,736.4901,129.8781,94.6503,67.0303,8217.0444,394.93839152315,0.079,2312.2613,417.0606,3607.9646,696.9365,0,120.655,1889.5233,6983111,17055649,12189353,12259703,81013.0847915231,0.747916666666667
"Peru",1996,21.0085,120.9802,180.1691,1385.3007,44.8381,11,1051.5067,-23449.3055,83135.0989,803.097,197.5709,114.2093,101.0433,8325.7867,651.007900329837,0.0853,2259.6614,441.4958,3685.1814,725.8287,0,77.0835,1944.6853,6995789,17445285,12418047,12489256,81827.3332003298,0.138916666666667
"Peru",1997,24.8422,129.1059,187.1935,1572.0683,44.8439,25,1092.0725,-23449.3055,83135.0989,885.5313,195.9917,123.9857,93.3099,8400.4321,651.007900329837,0.0922,2441.6856,438.2722,3694.3368,724.6921,0,101.275,1483.3088,7001754,17825652,12646350,12719037,81994.8410003298,0.97725
"Peru",1998,36.3118,212.187,205.4041,1772.0532,43.5398,13,1147.3929,-23449.3055,83135.0989,891.8955,68.7377,90.6932,121.6061,8459.6832,1048.85909770029,0.0988,2422.3662,438.8946,3762.2913,732.7992,0,162.1176,395.1038,7001386,18198362,12871958,12946269,81710.8284977003,1.22891666666667
"Peru",1999,29.9358,190.7093,234.6617,2059.5542,45.8266,17,1204.0428,-23449.3055,83135.0989,902.5171,56.671,80.1678,146.5274,8511.071,1537.19792208157,0.1062,2154.107,462.2543,3965.4347,783.495,0,104.908,659.3192,6995933,18565366,13088603,13163636,82831.3004220816,0.206333333333333
"Peru",2000,5.7849,27.4013,243.1295,1890.8114,43.9284,12,1160.5202,-23449.3055,83135.0989,936.553,97.7926,77.2013,143.1253,8576.5847,1571.24352613339,0.1117,2253.5733,490.1377,4047.5759,808.4985,0,22.8414,650.0143,6986192,18928687,13290367,13364073,82744.6223261334,0.328083333333333
"Peru",2001,3.6689,13.4644,242.3292,1994.1197,51.518,19,1060.9107,-13217.6923,77951.3444,912.3548,189.7428,122.6789,100.0134,8617.6107,1537.19792208157,0.1181,2313.6205,481.2822,4024.2351,796.7029,0,11.5237,961.8255,6972982,19288381,13472595,13542313,88187.5695220816,0.516333333333333
"Peru",2002,12.4521,95.885,254.5842,2086.3642,45.9568,18,1051.4127,-13217.6923,77951.3444,1042.0663,247.6077,155.3478,101.0205,8660.0163,1585.96520533952,0.2206,2345.2538,513.3578,4082.2944,826.9825,0,70.6656,961.6815,6956188,19645279,13635757,13698746,88890.7871053395,0.766833333333333
"Peru",2003,37.723,237.1255,254.6326,2066.9301,44.5272,25,1108.2481,-13217.6923,77951.3444,1066.7001,299.7107,159.0826,96.484,8700.7905,1628.16192471874,0.2169,2441.1689,523.4626,4160.0049,841.5585,0,187.7171,908.5239,6936737,20001001,13784608,13838734,89521.4212247187,0.761583333333333
"Peru",2004,14.9978,108.9346,229.3753,1886.5637,115.0681,21,1248.2121,-13217.6923,77951.3444,1224.9092,405.9434,219.7308,121.0778,8723.6676,1757.37067923531,0.1633,2791.7863,536.194,4164.509,849.2688,0,81.7726,1274.4808,6915339,20357855,13925077,13968835,90508.6779792353,0.689
"Peru",2005,109.0566,552.8057,268.7211,2356.8743,110.0956,23,1195.152,-13217.6923,77951.3444,1355.2329,481.1607,236.4813,114.0144,8764.613,1794.06448909362,0.1426,3108.8184,546.1143,4250.46,871.1009,0,457.0714,1067.8719,6893135,20717275,14057586,14089681,92396.5036890936,0.787416666666667
"Peru",2006,33.0943,129.3645,265.13,2263.4114,106.1699,27,1284.5296,-13217.6923,77951.3444,1392.175,501.8854,233.2401,101.714,8852.3341,1800.72030131359,0.1147,3388.0292,583.1503,4262.0539,896.8198,0,111.9022,984.8203,6869848,21080096,14180761,14200318,91951.3111013136,0.820583333333333
"Peru",2007,47.2399,269.9094,264.2568,2223.5554,104.7404,24,1364.9075,-13217.6923,77951.3444,1519.2134,380.3194,120.0943,129.6301,8899.4825,1786.83849265376,0.1503,3549.884,592.3073,4340.3732,911.5527,0,243.5233,979.0454,6845868,21446856,14296701,14303686,92484.6758926538,0.517916666666667
"Peru",2008,31.7673,96.6917,298.2269,2501.0989,104.7404,94,1676.668,-13217.6923,77951.3444,1546.5633,665.6092,157.0275,158.4216,8969.6943,1786.83849265376,0.1569,3861.5748,612.628,4367.8563,929.7777,0,74.8331,884.1658,6859120,21782860,14388026,14418159,93551.9922926538,0.62925
"Peru",2009,26.7741,69.5804,317.5,2664.626,104.7404,88,1769.4785,-13217.6923,77951.3444,1652.6562,755.3822,190.688,166.8727,9023.7971,1800.72030131359,0.1697,4237.9537,633.6298,4394.1013,957.0899,0,56.6462,914.448,6890339,22111168,14461087,14548239,94558.5066013136,0.912333333333333
"Peru",2010,104.5831,292.4934,308.8247,2559.5527,103.4306,128,1941.8287,-13217.6923,77951.3444,1605.4542,836.2583,228.8527,197.3402,9097.8807,1833.48413459685,0.168,4305.8877,625.6516,4424.7088,955.2426,0,223.8034,509.4257,6923397,22450249,14545483,14684090,95016.5233345969,1.00041666666667
"Peru",2011,19.2813,58.7167,296.8284,2368.2608,102.9968,126,2003.2099,-9051.0823,97774.5114,1784.3843,972.9197,302.905,162.0309,9166.2346,1995.53610731576,0.1789,4392.0056,631.1681,4453.2086,961.218,0,43.4541,573.6975,6958683,22801306,14647747,14829974,119137.664407316,0.8015
"Peru",2012,57.2042,198.5824,328.7801,2574.4362,102.9968,155,2116.5627,-9051.0823,97774.5114,1833.7908,964.8548,297.0108,157.9865,9225.8856,2118.32400241393,0.1819,4925.0612,628.6069,4363.4647,938.7143,0,159.3869,601.3116,6995686,23163280,14765435,14984154,120471.571502414,0.79975
"Peru",2013,28.0244,123.4655,331.5772,2605.5992,101.5672,140,2416.1746,-9051.0823,97774.5114,1991.0031,1066.9726,283.1666,156.3015,9270.2839,2156.20162585619,0.1823,5528.1182,699.9229,4338.9679,1024.528,0,97.4666,553.6325,7033463,23532253,14894870,15143939,121636.584925856,0.679583333333333
"Peru",2014,23.8206,109.1458,317.7501,2511.5371,101.5672,164,2450.2845,-9051.0823,97774.5114,2082.0729,1099.3192,290.8059,149.2213,9251.2664,2144.36207055739,0.1873,5912.1729,658.306,4349.9765,965.8378,0,82.8867,582.0862,7070179,23903175,15041702,15312249,121970.035570557,0.880583333333333
"Peru",2015,30.6227,133.6367,337.8827,2630.9538,101.5672,175,2674.3885,-9051.0823,97774.5114,2175.237,1147.6418,301.3519,200.1739,9188.4483,2156.20162585619,0.1834,5725.2294,669.7238,4327.2667,973.0796,0,123.2886,566.3397,7104742,24271929,15215665,15496198,122361.646425856,1.29408333333333
"Peru",2016,78.471,141.7685,325.4655,2763.0741,103.2742,189,2765.2267,-3246.9785,92892.6325,2202.1064,1132.9656,332.8922,238.21,9245.793,2131.94571982035,0.193,5658.2858,673.9999,4296.401,970.4584,0,87.0561,511.4715,7136697,24637142,15428091,15704688,123493.71261982,1.43066666666667
"Peru",2017,33.6269,49.7008,325.0705,2807.1318,104.9811,184,2870.1436,-3246.9785,92892.6325,2219.2433,1129.2846,284.4854,220.3546,9312.6459,2156.20162585619,0.2011,5652.2875,678.1279,4314.8484,983.0959,0,42.0694,413.7081,7166470,24999015,15666065,15939422,123426.862425856,0.964833333333333
"Peru",2018,31.2203,137.4994,350.4243,2884.0845,104.9811,155,2904.1287,-3246.9785,92892.6325,2212.2931,1165.1261,311.9759,217.4874,9377.5954,2201.07542774637,0.2027,5735.3437,689.1745,4315.7782,988.2525,0,111.6295,303.1776,7191715,25360100,15961942,16242003,123842.104327746,0.729
"Peru",2019,57.4716,165.4421,334.9917,2729.0792,101.9907,193,3040.2116,-3246.9785,92892.6325,2195.3,1248.9827,315.4907,201.4748,9432.0678,2384.08520087489,0.2035,6058.3471,704.1864,4342.203,1002.7626,0,138.0163,359.1904,7212742,25721093,16268182,16556679,124650.151400875,1.05575
"Peru",2020,87.3516,168.0052,339.5221,2750.1268,101.9907,193,2476.5376,-3246.9785,92892.6325,2250.9927,1232.7105,315.4907,214.8147,9473.0038,2191.24880308039,0.2193,6107.49,708.5567,4358.6409,1009.4219,0,124.4076,359.1904,7229699,26082479,16499432,16805323,124108.37600308,1.79666666666667
"Suriname",1990,10.5394,9.3702,12.8292,407.7192,229.6785,6,6.4379,-89.0096,2934.2214,38.9151,17.2188,1.1734,67.6313660738584,72.7357,209.587728357542,4170.70153693849,400.087,16.5777,51.9871,16.5872,0,9.3702,743.8289,139739,267733,205650,207106,9344.18793136989,0.3525
"Suriname",1991,10.5394,9.3702,14.9296,471.0664,229.6785,5,6.4379,-89.0096,2934.2214,40.28,19.8752,1.4083,67.6313660738584,73.0716,209.587728357542,4170.70153693849,393.7645,14.9732,50.4398,15.1809,0,9.3702,800.7963,142087,273129,207218,208763,9459.31443136989,0.291333333333333
"Suriname",1992,10.5394,9.3702,17.0287,539,229.6785,4,6.8095,-89.0096,2934.2214,40.6257,20.499,1.6429,67.6313660738584,73.1214,209.587728357542,3863.73133687637,413.8614,14.0959,49.6466,14.9446,0,9.3702,822.8164,144356,278407,208941,210579,9263.21263130778,0.618166666666667
"Suriname",1993,10.5394,9.3702,14.3058,459.7376,299.4405,4,6.8095,-89.0096,2934.2214,48.7657,14.6454,1.8776,67.6313660738584,73.3038,209.587728357542,3348.74137249725,385.8728,11.8762,47.1009,12.9474,0,9.3702,829.0928,146522,283517,210326,212049,8710.22806692865,0.321666666666667
"Suriname",1994,10.5394,9.3702,14.4812,470.4784,299.2221,4,6.8023,-89.0096,2934.2214,41.4929,15.335,1.8776,67.6313660738584,73.6103,209.587728357542,3348.74137249725,350.4667,9.4269,44.9486,10.4705,0,9.3702,842.0436,148584,288453,212373,214175,8685.10816692865,0.265666666666667
"Suriname",1995,10.5394,9.3702,14.5341,481.2976,341.1867,3,6.8026,-89.0096,2934.2214,41.7215,9.788,1.8776,67.6313660738584,74.7259,209.587728357542,3348.74137249725,364.4483,8.5046,46.0797,9.1916,0,9.3702,824.0987,150529,293195,216548,217941,8727.70896692865,0.93375
"Suriname",1996,2.6278,33.8882,15.0624,484.1592,385.125,3,6.8029,-89.0096,2934.2214,46.357,10.8602,2.8164,67.6313660738584,75.1369,209.587728357542,3348.74137249725,402.4238,8.5058,45.0909,9.4011,0,33.8882,846.4641,152338,297698,221658,222177,8882.78216692865,0.885083333333333
"Suriname",1997,3.4193,31.2029,13.6407,419.4008,398.4895,3,5.0235,-89.0096,2934.2214,50.5397,11.7227,3.2859,67.6313660738584,75.9809,209.587728357542,3348.74137249725,397.2291,9.8333,46.7348,10.3311,0,31.2029,873.8765,154006,301948,226598,226288,8856.08586692865,0.726583333333333
"Suriname",1998,3.4702,75.3984,12.3386,393.0584,411.2167,0,7.1593,-89.0096,2934.2214,49.9522,12.3478,3.2859,67.6313660738584,76.3174,209.587728357542,3348.74137249725,374.41,7.9444,50.6709,9.5296,0,75.3984,870.3401,155559,306001,231434,230315,8904.01056692865,1.39508333333333
"Suriname",1999,1.1141,16.2154,11.8509,379.9264,471.8257,4,7.1596,-89.0096,2934.2214,44.0981,13.635,3.5205,67.6313660738584,76.6589,209.587728357542,3348.74137249725,105.7,8.5211,55.0907,10.3211,0,16.2154,819.0809,157050,309953,236184,234274,8516.10606692865,0.63625
"Suriname",2000,0.1299,6.5522,10.5624,329.2408,476.1146,3,7.1599,-89.0096,2934.2214,45.5766,14.4368,3.5205,67.6313660738584,77.2082,209.587728357542,3334.82957243059,71.7763,8.3276,51.5112,10.3138,0,6.5522,780.9397,158514,313876,240845,238153,8360.18316686199,0.544333333333333
"Suriname",2001,6.481,1.2492,12.5158,398.1622,479.539,3,7.8752,0,3174.1603,48.2993,18.9084,4.0527,67.6313660738584,77.4438,209.587728357542,3348.74137249725,73.679,8.9037,44.2832,10.269,0,1.2492,880.6408,159960,317780,245436,241957,8876.67226692865,0.86475
"Suriname",2002,27.4415,3.0536,10.1181,313.992,478.3784,3,13.4742,0,3174.1603,37.7013,20.8337,2.9909,1.1129,77.9688,131.569123523694,3331.03635066392,75.5842,9.1513,24.9714,9.3214,0,3.0536,664.5332,161381,321663,249959,245707,8413.44627418761,0.949333333333333
"Suriname",2003,15.0439,26.0962,12.7677,411.012,477.4665,3,14.403,0,3174.1603,43.3072,29.9165,4.0455,2.9131,77.9532,131.569123523694,3331.03635066392,76.1895,8.8366,24.1807,8.9279,0,26.0962,554.5541,162790,325542,254376,249404,8453.47557418761,1.12441666666667
"Suriname",2004,31.5586,5.6912,11.6768,384.3168,648.5797,6,14.5086,0,3174.1603,50.1045,36.8875,5.1823,5.4228,78.5832,131.569123523694,3331.03635066392,73.7922,9.8692,26.8227,10.1229,0,5.6912,555.6129,164195,329435,257822,252750,8597.18887418761,1.21075
"Suriname",2005,2.4373,0.8328,10.9211,357.2139,646.3118,1,15.51,0,3174.1603,63.9699,49.4083,7.1743,10.0097,79.3892,131.569123523694,3130.9338484264,72.3975,10.3121,25.204,10.5454,0,0.8328,558.4532,166238,332708,260410,255810,8358.58657195009,1.31183333333333
"Suriname",2006,15.4452,2.7761,11.5296,346.7789,644.8524,1,16.1108,0,3174.1603,52.1639,37.8615,5.3652,8.8066,80.5118,131.569123523694,3331.03635066392,72.4001,9.7139,26.8056,10.2643,0,2.7761,534.2023,168365,335942,263086,258937,8516.13007418761,0.983
"Suriname",2007,1.3264,0.8328,11.1763,329.9621,643.8291,1,17.3322,0,3174.1603,46.7274,38.1415,4.1766,8.3445,81.6372,131.569123523694,3130.9338484264,71.7054,12.0416,29.8365,12.1211,0,0.8328,473.8267,170511,339194,265833,262113,8221.51347195009,1.03766666666667
"Suriname",2008,7.0854,1.5269,11.4802,342.2474,643.6106,7,17.6186,0,3174.1603,46.6066,39.8502,3.7426,8.7234,82.1231,131.569123523694,3331.03635066392,71.4107,9.4339,28.8758,10.1682,0,1.5269,448.4572,172681,342467,268623,265315,8418.25347418761,1.07608333333333
"Suriname",2009,22.3445,3.7477,14.3741,427.2173,643.6106,11.481084565897,15.7717,0,3174.1603,50.9361,42.4506,4.0192,10.599,83.1711,131.569123523694,3331.03635066392,64.2134,11.3363,33.0215,11.9241,0,3.7477,382.9687,174867,345752,271450,268537,8473.70045875351,1.395
"Suriname",2010,1.6539,0.9717,14.177,419.8555,643.3923,5,18.8713,0,3174.1603,56.499,46.1106,5.088,15.3244,84.0766,131.569123523694,3331.03635066392,62.4187,12.1898,35.3807,12.8464,0,0.9717,412.5257,177066,349037,274293,271788,8484.11907418761,1.51891666666667
"Suriname",2011,11.6956,0.8328,14.8456,446.3312,644.1071,14,14.5329,0,7459.7799,81.6707,64.1132,8.1369,25.6718,84.5199,131.569123523694,3130.9338484264,73.724,11.5522,33.2156,12.4643,0,0.8328,336.2986,179273,352316,277111,275035,12600.8280719501,1.02291666666667
"Suriname",2012,24.5783,2.7761,13.8635,402.8114,643.6705,8,20.7274,0,7459.7799,100.3865,74.7301,10.2344,26.8345,84.9395,131.569123523694,3331.03635066392,89.1266,12.3165,35.0329,12.9426,0,2.7761,458.5252,181489,355588,279884,278227,12946.6574741876,1.00075
"Suriname",2013,2.5964,1.9433,16.033,456.8682,642.5791,6,14.3246,0,7459.7799,108.0922,77.2307,10.8294,24.8247,85.1636,131.569123523694,3331.03635066392,95.932,10.748,28.6627,11.3773,0,1.9433,337.4205,183704,358836,282602,281345,12854.9543741876,1.12516666666667
"Suriname",2014,21.4152,2.2208,16.9645,487.7342,641.625,17,17.9569,0,7459.7799,130.0365,89.2791,13.258,26.4554,85.0488,131.569123523694,3331.03635066392,72.1346,11.1742,24.9081,11.7288,0,2.2208,385.3526,185806,362122,285276,284406,12978.8988741876,1.14941666666667
"Suriname",2015,16.6341,6.3852,16.383,464.5043,641.4067,20,16.9785,0,7459.7799,155.4358,108.4647,15.0227,23.3168,85.188,131.569123523694,3331.03635066392,72.1399,11.417,25.9368,11.8982,0,6.3852,368.0004,187781,365427,287993,287483,12987.8826741876,1.33716666666667
"Suriname",2016,5.6788,2.2209,17.1012,491.6699,641.4067,16,15.2094,0,8572.7871,134.8079,99.893,8.9006,2.4874,84.9039,131.569123523694,3331.03635066392,52.4452,11.523,25.3731,11.7128,0,2.2209,336.1814,189623,368745,290757,290695,13995.1286741876,1.77108333333333
"Suriname",2017,14.0661,1.9433,17.2174,464.9434,641.5564,15,25.8895,0,8572.7871,117.8157,99.8191,7.5747,1.9033,84.8972,131.569123523694,3643.18156902642,56.3479,12.5621,26.8789,12.6059,0,1.9433,337.0114,191326,372076,293536,294024,14287.5133925501,1.43166666666667
"Suriname",2018,4.6371,0.8328,16.3067,440.9843,641.7747,15,25.3416,0,8572.7871,109.9931,104.177,6.9989,1.3115,85.0154,131.569123523694,3542.05190884165,56.2531,12.6615,26.7173,12.5783,0,0.8328,330.1468,192884,375417,296341,297374,14137.9710323653,1.19933333333333
"Suriname",2019,22.223,6.6629,16.7071,471.8504,644.288,13,25.3643,0,8572.7871,114.5514,117.0945,8.1309,1.2244,84.958,131.569123523694,3742.15441107916,56.1585,13.0087,27.4808,12.8654,0,6.6629,335.5594,194302,378783,299437,300864,14424.3012346029,1.62733333333333
"Suriname",2020,8.4191,7.218,17.2957,482.8029,645.1611,11,25.3886,0,8572.7871,117.7093,95.4236,7.7015,7.3456,84.5956,131.569123523694,3742.15441107916,56.0611,12.7201,27.4737,12.6879,0,7.218,328.6232,195577,382175,302656,304409,14401.3556346029,1.66741666666667
"Uruguay",1990,10.7642,5.4739,79.6494,612.2334,184.0929,25,149.8497,-13373.492,0,119.182,33.0907,1.2387,67.6313660738584,882.6112,252.21418996648,356.491016867166,265.1532,180.8245,5309.9426,420.3617,0,0,476.2804,342930,2767059,1521058,1595955,-3941.4069270925,0.313666666666667
"Uruguay",1991,10.7642,5.4739,71.504,808.5,184.0929,27,155.1983,-13373.492,0,134.589,38.6399,3.0479,67.6313660738584,908.7608,252.21418996648,356.491016867166,265.203,182.7931,5531.6744,436.153,0,0,512.1089,334996,2797054,1528920,1606454,-3421.65212709249,0.481583333333333
"Uruguay",1992,10.7642,5.4739,101.0666,998.032,184.0929,11,171.5344,-13373.492,0,148.8924,41.8777,2.9092,67.6313660738584,930.0526,252.21418996648,356.491016867166,266.2956,185.708,5690.6226,451.5317,0,0,540.4146,327257,2827598,1536776,1616956,-2956.88702709249,0.0864166666666666
"Uruguay",1993,10.7642,5.4739,97.0135,1063.888,184.0929,5,198.6643,-13373.492,0,148.1734,41.0666,2.3831,67.6313660738584,944.4633,252.21418996648,356.491016867166,265.7019,199.1699,5782.3298,463.6437,0,0,557.6328,319721,2858434,1544448,1627299,-2727.69412709249,0.244833333333333
"Uruguay",1994,10.7642,5.4739,98.0915,1052.128,183.6906,6,224.636,-13373.492,0,144.8862,27.8908,0.4373,67.6313660738584,966.6664,252.21418996648,0.1774,368.5367,203.9532,5752.9863,466.0434,0,0,603.675,312311,2889296,1552203,1637742,-2937.60954395966,0.667
"Uruguay",1995,10.7642,5.4739,112.6104,1146.992,190.6987,22,237.5252,-13373.492,0,156.5274,39.6012,2.0635,67.6313660738584,981.1772,252.21418996648,0.5378,317.8559,211.285,5647.8227,459.2758,0,0,631.6257,305001,2919803,1560015,1648285,-2879.80984395966,0.203583333333333
"Uruguay",1996,3.8279,13.2663,136.535,1179.92,190.7584,16,255.5278,-13373.492,0,179.8046,53.7303,6.9631,67.6313660738584,1004.0075,252.21418996648,0.9086,356.1411,219.2011,5694.6242,465.1342,0,0,681.821,297690,2950345,1567812,1658822,-2595.47534395966,0.468
"Uruguay",1997,3.9197,12.0202,124.7716,1219.12,190.7584,5,277.8931,-13373.492,0,172.1327,51.7923,13.585,67.6313660738584,1020.3444,252.21418996648,1.2936,403.1042,226.073,5552.3368,458.1385,0,0,643.2749,289586,2981424,1575662,1669407,-2678.08804395966,0.954
"Uruguay",1998,4.376,17.7545,121.3345,1332.0238,190.7584,15,296.7282,-13373.492,0,170.277,17.2478,6.1639,67.6313660738584,1028.7405,252.21418996648,1.6804,451.9498,246.7884,5312.721,451.1831,0,0,679.3928,281484,3010654,1583085,1679598,-2709.52634395966,0.115916666666667
"Uruguay",1999,5.0535,14.551,127.8367,1631.4178,190.5241,15,307.1442,-13373.492,0,232.0042,70.3722,36.6701,67.6313660738584,1036.2516,252.21418996648,2.0896,421.0162,246.7607,5212,449.1809,0,0,670.7847,273241,3036077,1589828,1689136,-2384.98894395966,0.148916666666667
"Uruguay",2000,6.2217,24.885,110.6426,1484.9117,189.6941,13,284.5649,-13373.492,0,203.0651,32.9033,11.716,67.6313660738584,1040.4516,252.21418996648,2.4638,389.3963,212.6801,5126.3822,433.6634,0,0,650.8094,264771,3056474,1594941,1697283,-2836.19524395966,0.285666666666667
"Uruguay",2001,3.4854,0,99.8741,1204.8198,189.6941,20,272.4754,-10111.31,0,176.6566,24.7133,0.5597,67.6313660738584,1030.8761,252.21418996648,2.8588,529.3832,216.3768,5162.0982,439.2541,0,0,618.4721,256090,3071013,1597570,1703369,200.13325604034,1.16733333333333
"Uruguay",2002,15.1574,0.3894,104.8989,1256.2346,189.0235,32,247.3733,-10111.31,0,170.2674,34.8853,0.738,67.6313660738584,1035.5157,252.21418996648,3.2721,516.4423,215.0907,5296.0431,442.8061,0,0,582.5859,247270,3080503,1598457,1707985,351.259256040339,0.631333333333333
"Uruguay",2003,18.7377,0.3893,115.2205,1202.656,188.8867,48,238.6401,-10111.31,0,156.3756,33.8496,0.376,67.6313660738584,1032.4456,252.21418996648,3.7124,543.173,215.8993,5423.0878,451.3701,0,0,597.1996,238529,3087108,1598485,1711718,478.554856040339,0.229083333333333
"Uruguay",2004,24.6718,8.0479,163.9182,1461.8856,186.9958,73,252.9245,-10111.31,0,184.9945,85.5648,33.5729,5.4781,1041.8219,27.2489,3.9759,372.8465,215.2049,5507.8712,456.957,0,0,624.3156,230105,3093991,1598595,1715206,619.986,0.6105
"Uruguay",2005,17.1961,3.7647,174.7326,1442.56,187.8165,73,260.4812,-10111.31,0,176.4903,79.7385,24.6481,9.2808,1054.3766,45.1827,4.3335,391.7426,231.0797,5576.1825,465.3259,0,0,628.1261,222183,3103429,1599620,1718045,734.7484,0.707666666666667
"Uruguay",2006,11.5663,0.649,190.8256,1390.032,187.5429,100,272.6112,-10111.31,0,236.7764,150.7865,74.7423,20.5378,1060.2482,114.5171,4.872,395.2462,236.6895,5804.0097,483.4928,0,0,638.6676,214756,3116287,1601733,1720550,1262.5031,0.769083333333333
"Uruguay",2007,11.3252,0.2596,204.0543,1139.936,187.5429,300,287.967,-10111.31,0,207.4932,136.5279,25.3946,20.0089,1056.0691,93.0478,6.0102,412.8259,224.072,5708.8397,473.2747,0,0,627.2089,207762,3131979,1604827,1723823,1010.5479,0.0249166666666667
"Uruguay",2008,21.132,3.894,228.1674,1320.0757,188.8536,364,300.1739,-10111.31,0,267.5951,285.0122,91.8717,37.1513,1065.4265,194.3648,4.0888,407.9458,227.3516,5768.411,478.5067,0,0,630.5626,201110,3149714,1608578,1727547,1773.2747,0.773666666666667
"Uruguay",2009,14.6717,0.649,298.8974,1259.888,188.5797,348,327.5605,-10111.31,0,266.5752,231.7602,72.0654,45.2629,1063.9998,211.784,4.4442,590.2903,218.0615,5641.9332,466.2632,0,0,590.451,194722,3168033,1612678,1731478,1729.8272,0.414333333333333
"Uruguay",2010,16.196,0.9089,357.6777,1269.296,188.5797,312,354.1615,-10111.31,0,216.4814,91.1057,23.3377,35.8743,1075.659,150.8192,9.3468,490.8292,227.7783,5290.8373,444.1192,0,0,586.8343,188495,3185920,1617051,1735600,1030.5322,0.404583333333333
"Uruguay",2011,10.5084,8.0501,333.1526,1536.64,188.5113,437,373.2561,-7033.18,0,265.1906,140.3609,63.5288,53.5787,1076.7151,244.6693,6.789,574.8388,235.9175,5276.184,446.1851,0,0,593.4312,182426,3203198,1621715,1739923,4831.3275,0.27375
"Uruguay",2012,15.8392,0.1298,412.9855,1421.9486,188.1747,638,382.3669,-7033.18,0,307.1937,175.427,92.8022,176.392,1082.4036,329.9526,7.0657,562.8218,226.7653,5175.2108,436.3793,0,0,564.6546,178688,3218089,1626686,1744447,5163.3333,1.0085
"Uruguay",2013,6.8657,0.1298,381.7232,1352.4,188.1062,421,401.2233,-7033.18,0,268.973,90.2007,38.9809,141.2011,1083.0325,249.7013,8.3716,593.6354,235.3167,5217.6944,441.4925,0,0,573.3583,175741,3232264,1631988,1749192,4660.2266,0.266666666666667
"Uruguay",2014,3.2229,0.1298,447.644,1312.416,187.7701,464,407.1538,-7033.18,0,225.493,112.9144,11.9913,129.7156,1059.4735,195.6549,8.3412,639.4755,230.2532,5287.6492,446.2105,0,0,563.3785,172847,3246699,1637581,1754081,4699.7074,0.9475
"Uruguay",2015,13.4065,0.9087,419.0796,1259.888,187.7701,293,420.5401,-7033.18,0,227.8477,129.1382,14.3396,137.4881,1056.9949,190.4595,7.9323,679.9105,255.7927,5288.7714,464.023,0,0,538.3115,170019,3261533,1643631,1759187,4552.4224,1.074
"Uruguay",2016,7.6448,0.2597,369.579,1263.761,188.0444,270,432.7778,-1905.2,0,245.2485,128.6875,8.042,151.1305,1060.0452,164.7089,8.1104,632.3455,248.7111,5315.7235,461.5814,0,0,545.9216,167249,3276757,1649718,1764048,9597.1228,0.343
"Uruguay",2017,5.5666,1.1681,404.0745,1289.3429,188.4497,289,447.7266,-1905.2,0,227.2858,136.8198,4.2209,174.979,1065.4461,142.799,8.5615,709.9879,243.7418,5212.4645,450.607,0,0,564.022,164541,3292209,1654653,1767547,9661.0637,1.6015
"Uruguay",2018,6.8449,1.5576,267.6188,1273.216,188.4497,318,411.7165,-1905.2,0,238.2786,146.667,7.1349,182.8806,1068.0736,167.0171,8.7573,751.7167,240.9673,5087.5676,439.9515,0,0,553.7146,161889,3307662,1657819,1769223,9454.9303,1.02125
"Uruguay",2019,9.1043,6.4919,375.2068,1136.8,191.8686,313,441.0943,-1905.2,0,235.6148,152.8181,3.3561,158.9725,1061.3554,162.8607,8.9131,767.4173,254.4559,5096.5969,450.5833,0,0,556.9714,159283,3322873,1659147,1769262,9478.2814,0.843916666666667
"Uruguay",2020,14.2534,2.7259,333.452,1099.952,191.8686,313,422.3407,-1905.2,0,252.8503,160.1404,3.6699,159.4289,1053.5351,133.2543,9.7268,748.9522,246.5972,4988.0715,439.2709,0,0,488.8571,156716,3337671,1660166,1768921,9156.7472,0.874083333333333
